id,first_name,last_name,email,gender,pays,prix,unités,date
1,Davide,Hatchette,dhatchette0@netscape.com,Male,Hong Kong,793,4,07/08/2024
2,Kendall,Hansel,khansel1@blog.com,Male,Portugal,1601,10,11/11/2024
3,Lanae,Pinnocke,lpinnocke2@tiny.cc,Female,United States,590,2,04/04/2025
4,Shannon,Amiss,samiss3@google.com.br,Non-binary,Mexico,2343,4,12/01/2025
5,Milly,Ferraresi,mferraresi4@yahoo.co.jp,Female,Russia,659,4,26/05/2025
6,Lamar,Garrat,lgarrat5@ed.gov,Male,Nigeria,2966,2,14/12/2024
7,Arney,Hruska,ahruska6@census.gov,Male,China,708,4,18/10/2024
8,Leslie,Sporrij,lsporrij7@rakuten.co.jp,Male,Brazil,4318,4,04/01/2025
9,Jerry,Dackombe,jdackombe8@flavors.me,Male,Poland,3610,8,04/11/2024
10,Caldwell,Goretti,cgoretti9@aboutads.info,Male,Philippines,2438,1,03/07/2024
11,Deck,Guitonneau,dguitonneaua@spotify.com,Male,Malaysia,1627,6,02/09/2024
12,Bertram,Helling,bhellingb@globo.com,Male,Sweden,2068,3,21/08/2024
13,Sanson,Sayers,ssayersc@wiley.com,Male,Egypt,2085,1,04/05/2025
14,Herc,McRonald,hmcronaldd@who.int,Male,China,3407,9,26/12/2024
15,Rusty,Wibberley,rwibberleye@huffingtonpost.com,Male,China,4315,3,16/06/2025
16,Andres,Hemeret,ahemeretf@qq.com,Male,Portugal,2531,8,24/01/2025
17,Courtnay,De Lasci,cdelascig@walmart.com,Male,Russia,2374,10,16/10/2024
18,Craggy,Wyldbore,cwyldboreh@clickbank.net,Male,Japan,4263,8,05/02/2025
19,Rocky,Tennewell,rtennewelli@cbc.ca,Genderqueer,Azerbaijan,3462,9,21/11/2024
20,Heath,Gersam,hgersamj@wordpress.com,Male,Czech Republic,4080,8,20/08/2024
21,Giorgio,MacAughtrie,gmacaughtriek@free.fr,Non-binary,Philippines,3060,4,23/12/2024
22,Shaughn,Trevon,strevonl@reference.com,Male,Poland,3793,1,30/03/2025
23,Welch,Yurmanovev,wyurmanovevm@usnews.com,Male,Indonesia,4704,5,14/02/2025
24,Euell,Clampett,eclampettn@google.it,Male,Latvia,3968,8,02/09/2024
25,Kass,Minocchi,kminocchio@hostgator.com,Female,Japan,1240,5,15/05/2025
26,Fanya,Wyndham,fwyndhamp@feedburner.com,Female,Philippines,1275,6,21/04/2025
27,Trista,Ianilli,tianilliq@ca.gov,Female,Belgium,3206,5,11/03/2025
28,Kali,Oulett,koulettr@wunderground.com,Bigender,Russia,2412,9,20/01/2025
29,Barby,Daines,bdainess@sina.com.cn,Female,China,4206,10,31/01/2025
30,Alicea,Layburn,alayburnt@msu.edu,Female,Indonesia,3151,3,09/05/2025
31,Weber,Swinbourne,wswinbourneu@dmoz.org,Agender,Indonesia,2571,6,19/05/2025
32,Kippy,Cakes,kcakesv@flickr.com,Female,China,4460,1,09/03/2025
33,Abelard,Hyndman,ahyndmanw@pagesperso-orange.fr,Male,United States,2460,1,20/05/2025
34,Elga,Rudloff,erudloffx@prweb.com,Female,China,997,6,31/08/2024
35,Vaclav,Jiras,vjirasy@mysql.com,Male,Indonesia,2932,10,06/12/2024
36,Oralee,Waycot,owaycotz@hhs.gov,Female,Philippines,4917,3,08/09/2024
37,Rees,Jeanenet,rjeanenet10@boston.com,Male,Argentina,2751,1,14/04/2025
38,Fair,Worvill,fworvill11@dyndns.org,Male,Thailand,2219,6,13/06/2025
39,Murielle,Warrilow,mwarrilow12@washingtonpost.com,Female,Portugal,4020,2,14/02/2025
40,Rhodie,Haslin,rhaslin13@hexun.com,Agender,Kazakhstan,1672,2,25/09/2024
41,Trace,Cardozo,tcardozo14@state.gov,Male,Netherlands,1920,6,28/05/2025
42,Lorelei,Seven,lseven15@g.co,Female,China,3047,5,23/07/2024
43,Abbye,Geffcock,ageffcock16@java.com,Female,Sweden,3070,1,20/09/2024
44,Modestia,Brown,mbrown17@instagram.com,Female,Poland,4926,10,11/09/2024
45,Francesca,Kingwell,fkingwell18@washington.edu,Female,Indonesia,1243,1,11/02/2025
46,North,Stainson,nstainson19@scribd.com,Male,Argentina,688,2,30/03/2025
47,Jania,Daens,jdaens1a@cloudflare.com,Female,Sweden,1570,4,03/03/2025
48,Inglebert,Kuhlmey,ikuhlmey1b@redcross.org,Male,United States,3742,6,04/11/2024
49,Marnia,Clarabut,mclarabut1c@parallels.com,Female,United States,642,9,20/04/2025
50,La verne,Avent,lavent1d@deviantart.com,Female,China,2488,4,06/06/2025
51,Sauveur,Washtell,swashtell1e@geocities.jp,Male,China,3275,7,04/05/2025
52,Estele,Millmoe,emillmoe1f@yahoo.co.jp,Female,China,3702,9,16/07/2024
53,Shelly,Lampet,slampet1g@miibeian.gov.cn,Female,Macedonia,2506,6,05/04/2025
54,Augustina,Firks,afirks1h@purevolume.com,Female,China,2698,1,23/08/2024
55,Dottie,MacDunleavy,dmacdunleavy1i@thetimes.co.uk,Female,Philippines,4472,4,04/09/2024
56,Tedda,Glowach,tglowach1j@networksolutions.com,Female,China,2244,3,13/02/2025
57,Mala,Pizzie,mpizzie1k@cmu.edu,Female,Sudan,3571,3,20/12/2024
58,Goddart,Schober,gschober1l@scientificamerican.com,Male,China,3461,5,06/04/2025
59,Roarke,Skelhorn,rskelhorn1m@dyndns.org,Genderfluid,Indonesia,2168,5,09/07/2024
60,Pippo,Hubner,phubner1n@huffingtonpost.com,Male,Belarus,2867,6,02/08/2024
61,Wye,Ovington,wovington1o@de.vu,Male,Philippines,4529,5,28/01/2025
62,Symon,Storrah,sstorrah1p@google.pl,Male,Democratic Republic of the Congo,2455,6,26/12/2024
63,Godart,O' Faherty,gofaherty1q@dot.gov,Male,China,2552,10,09/12/2024
64,Miranda,Gayden,mgayden1r@phpbb.com,Female,Portugal,2631,4,19/04/2025
65,Amandy,MacIlwrick,amacilwrick1s@slashdot.org,Female,Philippines,4179,3,13/07/2024
66,Milicent,Everal,meveral1t@earthlink.net,Female,Saudi Arabia,2081,7,01/01/2025
67,Faun,Bonwell,fbonwell1u@cocolog-nifty.com,Female,Poland,2547,5,28/11/2024
68,Iormina,Torns,itorns1v@blogspot.com,Female,China,4430,6,03/03/2025
69,Etta,Peppin,epeppin1w@ucsd.edu,Female,Ecuador,968,4,12/11/2024
70,Caryl,Hannay,channay1x@ca.gov,Male,Colombia,1337,5,08/01/2025
71,Catlee,Stratley,cstratley1y@linkedin.com,Female,Armenia,2013,6,09/06/2025
72,Zia,Toxell,ztoxell1z@slideshare.net,Female,China,1939,8,05/01/2025
73,Judon,Whife,jwhife20@economist.com,Male,Spain,4349,6,18/11/2024
74,Otto,Reyna,oreyna21@scribd.com,Male,China,1311,7,24/01/2025
75,Trevor,Cadney,tcadney22@multiply.com,Male,China,2121,7,14/07/2024
76,Francisco,Yesenin,fyesenin23@craigslist.org,Male,Peru,2298,1,12/09/2024
77,Kerry,Filipchikov,kfilipchikov24@archive.org,Male,Sweden,2223,6,29/04/2025
78,Tabatha,Gibbings,tgibbings25@wufoo.com,Female,Peru,1504,10,10/05/2025
79,Kean,Verrick,kverrick26@elegantthemes.com,Male,Croatia,2309,7,18/05/2025
80,Kelcie,Clayill,kclayill27@deliciousdays.com,Female,Indonesia,4752,9,05/10/2024
81,Huberto,Lawlan,hlawlan28@boston.com,Bigender,Czech Republic,4208,7,11/09/2024
82,Reilly,Resun,rresun29@nationalgeographic.com,Male,Indonesia,3464,9,20/08/2024
83,Nertie,Scourgie,nscourgie2a@house.gov,Female,Philippines,3226,6,28/10/2024
84,Orazio,Horsted,ohorsted2b@comcast.net,Male,Russia,4686,8,07/10/2024
85,Zedekiah,Backshell,zbackshell2c@gmpg.org,Male,Sweden,3306,5,21/11/2024
86,Hewe,Edgeley,hedgeley2d@google.pl,Male,China,1691,10,16/12/2024
87,Gabriellia,Marriage,gmarriage2e@nasa.gov,Female,China,1947,8,13/03/2025
88,Dasha,Calterone,dcalterone2f@archive.org,Female,Sweden,2099,1,06/11/2024
89,Cari,Duckit,cduckit2g@smh.com.au,Female,China,4095,9,26/07/2024
90,Sean,Hasker,shasker2h@ucoz.com,Female,Syria,4165,4,08/03/2025
91,Betteanne,Brimm,bbrimm2i@amazon.co.jp,Female,Greece,2535,8,07/05/2025
92,Legra,Coultass,lcoultass2j@comsenz.com,Female,Czech Republic,1490,9,31/07/2024
93,Broddy,Strawbridge,bstrawbridge2k@ox.ac.uk,Male,China,4885,2,31/05/2025
94,Lesli,Gathercole,lgathercole2l@ameblo.jp,Female,Colombia,967,7,07/02/2025
95,Estrella,Melding,emelding2m@example.com,Female,Indonesia,4848,10,12/07/2024
96,Bealle,Whatmough,bwhatmough2n@webmd.com,Agender,Indonesia,3759,3,24/07/2024
97,Nowell,Hawkins,nhawkins2o@jalbum.net,Male,Kazakhstan,790,10,04/10/2024
98,Cris,Strutley,cstrutley2p@cornell.edu,Male,China,1867,8,29/12/2024
99,Ned,MacDowal,nmacdowal2q@storify.com,Male,Russia,3323,5,04/06/2025
100,Nerita,Yarranton,nyarranton2r@mapquest.com,Female,Indonesia,1073,4,28/05/2025
101,Agnes,Strutz,astrutz2s@fotki.com,Female,China,4800,5,25/01/2025
102,Yule,Childerley,ychilderley2t@wsj.com,Male,Tunisia,1767,6,28/12/2024
103,Iona,Bazeley,ibazeley2u@printfriendly.com,Genderfluid,Thailand,1834,5,16/06/2025
104,Bunny,Bellworthy,bbellworthy2v@ow.ly,Female,Portugal,2494,1,29/08/2024
105,Sheppard,Stanion,sstanion2w@pagesperso-orange.fr,Male,Chile,3508,1,30/10/2024
106,Nanice,Clorley,nclorley2x@gravatar.com,Female,China,3913,8,13/08/2024
107,Otes,Cressor,ocressor2y@blogger.com,Genderfluid,Poland,939,2,13/08/2024
108,Charita,Lynn,clynn2z@taobao.com,Female,Indonesia,3873,2,10/12/2024
109,Osborne,Gorgen,ogorgen30@wikimedia.org,Male,Colombia,1630,10,28/04/2025
110,Hedwig,Andrysek,handrysek31@sohu.com,Female,Brazil,2342,7,01/10/2024
111,Neil,Lyall,nlyall32@51.la,Male,Morocco,4008,5,15/03/2025
112,Stesha,Leroux,sleroux33@si.edu,Agender,Russia,3534,6,31/07/2024
113,Gian,Heibel,gheibel34@ucoz.com,Male,China,4419,6,28/06/2024
114,Korry,Lube,klube35@mediafire.com,Female,Vietnam,3350,1,07/01/2025
115,Davis,Denekamp,ddenekamp36@bloomberg.com,Male,Peru,2636,1,17/02/2025
116,Nell,Slora,nslora37@hud.gov,Female,Indonesia,4546,1,10/09/2024
117,Calv,Bastiman,cbastiman38@hibu.com,Male,Lithuania,4185,7,26/01/2025
118,Felic,Fellon,ffellon39@tinypic.com,Male,China,4114,9,01/06/2025
119,Ilka,Casham,icasham3a@woothemes.com,Female,Indonesia,626,3,08/07/2024
120,Peria,Amsden,pamsden3b@quantcast.com,Female,Indonesia,3042,5,09/04/2025
121,Clarissa,Dairton,cdairton3c@dailymail.co.uk,Non-binary,China,854,1,28/08/2024
122,Lorianna,Iwaszkiewicz,liwaszkiewicz3d@parallels.com,Female,Philippines,3880,8,21/09/2024
123,Dorelle,Sola,dsola3e@cisco.com,Female,Philippines,3629,5,05/05/2025
124,Vinson,Bercevelo,vbercevelo3f@ocn.ne.jp,Male,China,500,3,19/05/2025
125,Winifield,Folli,wfolli3g@webeden.co.uk,Male,Poland,1010,2,22/06/2024
126,Robinette,Screeton,rscreeton3h@sphinn.com,Bigender,Portugal,3195,6,23/09/2024
127,Kacy,Gommey,kgommey3i@angelfire.com,Female,Albania,2133,5,30/04/2025
128,Mortimer,Linton,mlinton3j@tinyurl.com,Male,Indonesia,1673,5,07/11/2024
129,Koralle,Lambricht,klambricht3k@reddit.com,Female,Peru,960,10,15/05/2025
130,Jordan,Gogan,jgogan3l@jigsy.com,Male,China,702,6,21/07/2024
131,Joe,Brittin,jbrittin3m@dagondesign.com,Male,Sweden,2205,1,02/07/2024
132,Ulysses,January,ujanuary3n@w3.org,Male,Indonesia,764,1,25/09/2024
133,Charline,McCloid,cmccloid3o@google.ca,Genderfluid,Kosovo,4281,1,10/08/2024
134,Salmon,Aspland,saspland3p@wufoo.com,Male,Malawi,4862,9,08/03/2025
135,Eliot,Robart,erobart3q@prlog.org,Male,United States,2498,4,22/01/2025
136,Giles,Sibbons,gsibbons3r@tamu.edu,Male,Russia,958,1,15/09/2024
137,Vinita,Benson,vbenson3s@amazon.co.uk,Female,Portugal,4078,10,24/11/2024
138,Adamo,Biglin,abiglin3t@cargocollective.com,Agender,Uganda,841,8,23/04/2025
139,Cathy,Ielden,cielden3u@msu.edu,Female,Ireland,3652,4,01/02/2025
140,Ferguson,Matiewe,fmatiewe3v@arizona.edu,Male,Russia,2815,2,14/05/2025
141,Daren,Venton,dventon3w@tmall.com,Male,Macedonia,2083,7,21/02/2025
142,Rudiger,Goddman,rgoddman3x@e-recht24.de,Polygender,Chile,543,5,16/11/2024
143,Maxie,Walkinshaw,mwalkinshaw3y@upenn.edu,Male,United States,1039,4,18/04/2025
144,Cara,Bumpas,cbumpas3z@privacy.gov.au,Female,Philippines,1638,8,21/08/2024
145,Gearard,Awton,gawton40@smugmug.com,Male,Russia,3803,7,18/03/2025
146,Erroll,Huttley,ehuttley41@walmart.com,Male,United Kingdom,4147,8,27/07/2024
147,Marvin,O'Gready,mogready42@stanford.edu,Male,Czech Republic,1850,3,21/01/2025
148,Rodolph,Dobell,rdobell43@yale.edu,Male,Russia,950,10,15/02/2025
149,Rosa,McIlwraith,rmcilwraith44@jiathis.com,Female,Indonesia,4686,7,11/10/2024
150,Brnaba,Ferrarini,bferrarini45@unblog.fr,Non-binary,Thailand,914,7,26/10/2024
151,Lynnelle,Wathan,lwathan46@tripod.com,Female,Philippines,3641,4,27/01/2025
152,Vaughn,Brunel,vbrunel47@oaic.gov.au,Male,Haiti,3038,9,28/10/2024
153,Pammy,Ewdale,pewdale48@ucoz.com,Bigender,Mexico,4827,8,28/07/2024
154,Seka,Radwell,sradwell49@photobucket.com,Bigender,Ecuador,3676,2,07/01/2025
155,Linzy,Smeall,lsmeall4a@illinois.edu,Female,Finland,3061,10,05/12/2024
156,Ashlie,Pusill,apusill4b@latimes.com,Female,Indonesia,3568,4,03/05/2025
157,Catrina,Kick,ckick4c@phoca.cz,Female,Philippines,1146,3,20/06/2024
158,Eulalie,Clair,eclair4d@oracle.com,Female,Indonesia,3203,7,25/07/2024
159,Leonerd,Whitwood,lwhitwood4e@ibm.com,Male,Thailand,2321,2,11/08/2024
160,Joana,Sparkwill,jsparkwill4f@pen.io,Female,Madagascar,1590,2,27/02/2025
161,Christa,Rooms,crooms4g@phpbb.com,Female,Peru,3429,2,02/04/2025
162,Debor,Grassot,dgrassot4h@apple.com,Female,Philippines,3926,8,22/05/2025
163,Lucine,Don,ldon4i@trellian.com,Female,South Korea,715,1,26/11/2024
164,Zia,Moreno,zmoreno4j@theglobeandmail.com,Female,Thailand,1959,5,11/04/2025
165,Hagan,Iczokvitz,hiczokvitz4k@sakura.ne.jp,Male,Belarus,2277,8,03/10/2024
166,Aksel,Halfpenny,ahalfpenny4l@latimes.com,Non-binary,Russia,2697,7,15/11/2024
167,Scottie,Tilburn,stilburn4m@rambler.ru,Male,Thailand,2315,9,20/09/2024
168,Maria,Kenwood,mkenwood4n@timesonline.co.uk,Female,Iran,2753,9,22/03/2025
169,Vicky,Gerry,vgerry4o@blinklist.com,Female,Philippines,1544,6,18/02/2025
170,Mikael,Reeder,mreeder4p@auda.org.au,Male,China,1145,9,15/06/2025
171,Cherice,Avraam,cavraam4q@delicious.com,Female,Russia,866,10,11/11/2024
172,Conrado,Wyer,cwyer4r@ihg.com,Male,Indonesia,1018,6,07/08/2024
173,Kim,Redan,kredan4s@e-recht24.de,Female,Portugal,1540,10,27/12/2024
174,Fremont,Ankrett,fankrett4t@altervista.org,Male,Honduras,4180,8,26/06/2024
175,Basilio,Cuffin,bcuffin4u@washington.edu,Male,Greece,4716,4,29/10/2024
176,Wilt,Syde,wsyde4v@theatlantic.com,Male,China,4819,4,23/02/2025
177,Thekla,Masden,tmasden4w@businessinsider.com,Female,Peru,3439,1,04/05/2025
178,Robbie,Skaid,rskaid4x@irs.gov,Male,Czech Republic,990,8,17/08/2024
179,Lavina,Bricham,lbricham4y@usda.gov,Female,Panama,3960,1,14/12/2024
180,Sunny,Wholesworth,swholesworth4z@ucsd.edu,Male,China,723,5,27/01/2025
181,Hewett,Luard,hluard50@ovh.net,Male,Indonesia,928,9,03/07/2024
182,Janis,Alpine,jalpine51@cmu.edu,Female,Sweden,3679,5,28/06/2024
183,Mathe,McQuarrie,mmcquarrie52@woothemes.com,Male,Nigeria,1534,3,13/04/2025
184,Sherri,Sealeaf,ssealeaf53@imageshack.us,Female,China,823,2,16/05/2025
185,Siobhan,Perrinchief,sperrinchief54@google.ru,Female,Russia,982,8,12/10/2024
186,Stafford,Thing,sthing55@vk.com,Male,China,2921,7,08/09/2024
187,Avery,Jime,ajime56@t-online.de,Male,Poland,1180,3,28/09/2024
188,Wolfy,Heintze,wheintze57@photobucket.com,Polygender,Taiwan,3965,4,02/09/2024
189,Quinton,Twyning,qtwyning58@squidoo.com,Male,China,2005,4,20/04/2025
190,Errol,Eschelle,eeschelle59@prlog.org,Male,China,2408,3,04/05/2025
191,Kerwinn,Chatten,kchatten5a@geocities.jp,Male,Iran,2461,6,28/06/2024
192,Janeczka,Fores,jfores5b@reverbnation.com,Female,Philippines,1982,9,30/01/2025
193,Lucy,Cross,lcross5c@sun.com,Female,Pakistan,1015,10,15/06/2025
194,Gerik,Robichon,grobichon5d@netlog.com,Male,Argentina,2582,5,17/08/2024
195,Lincoln,Late,llate5e@independent.co.uk,Male,Indonesia,3700,1,12/07/2024
196,Leia,Bartkowiak,lbartkowiak5f@aboutads.info,Female,Indonesia,638,10,27/03/2025
197,Corette,Meadowcroft,cmeadowcroft5g@nyu.edu,Female,China,4901,8,16/12/2024
198,Daryl,Rive,drive5h@prnewswire.com,Male,Kyrgyzstan,505,7,27/02/2025
199,Helli,Lashmar,hlashmar5i@nhs.uk,Female,Sao Tome and Principe,1387,9,30/09/2024
200,Mavis,Pitrasso,mpitrasso5j@godaddy.com,Agender,Nigeria,3481,3,27/05/2025
201,Bobby,Coley,bcoley5k@wordpress.org,Female,Venezuela,2383,1,16/08/2024
202,Susan,Battrum,sbattrum5l@sogou.com,Female,France,3307,8,08/06/2025
203,Leroi,Bodicam,lbodicam5m@g.co,Male,Serbia,3789,9,11/08/2024
204,Elnar,Maun,emaun5n@symantec.com,Male,Vietnam,2690,5,06/04/2025
205,Nathanial,Conneau,nconneau5o@china.com.cn,Male,Colombia,3337,4,19/03/2025
206,Kikelia,Tissier,ktissier5p@apache.org,Female,Philippines,2353,9,03/12/2024
207,Herve,Rantoull,hrantoull5q@slashdot.org,Male,Djibouti,3157,4,16/08/2024
208,Silvester,Ilive,silive5r@multiply.com,Male,Bangladesh,3525,10,06/11/2024
209,Allene,Flatman,aflatman5s@multiply.com,Female,China,3034,6,20/12/2024
210,Lotty,Izaks,lizaks5t@vk.com,Female,Luxembourg,3667,6,17/07/2024
211,Karl,Wasielewicz,kwasielewicz5u@squarespace.com,Male,Morocco,1452,10,21/10/2024
212,Boyce,Neeve,bneeve5v@princeton.edu,Male,Japan,4112,7,27/01/2025
213,Yorgos,Valentim,yvalentim5w@google.com.br,Male,Sri Lanka,4224,5,24/08/2024
214,Conan,Phillput,cphillput5x@ca.gov,Male,Finland,564,9,25/02/2025
215,Orlan,Rayhill,orayhill5y@goodreads.com,Male,Ireland,2987,8,18/12/2024
216,Ashley,Caley,acaley5z@pagesperso-orange.fr,Male,Armenia,4319,9,26/03/2025
217,Marcellus,Peeter,mpeeter60@myspace.com,Genderqueer,Serbia,1647,4,20/01/2025
218,Ashleigh,McGraw,amcgraw61@washington.edu,Female,Afghanistan,3016,8,09/08/2024
219,Davide,Ambler,dambler62@infoseek.co.jp,Male,Russia,1481,5,12/12/2024
220,Clywd,Wabb,cwabb63@economist.com,Male,Russia,2865,1,01/08/2024
221,Dannye,Spurrett,dspurrett64@ebay.co.uk,Female,Canada,4663,4,13/07/2024
222,Robbie,Manvelle,rmanvelle65@umn.edu,Polygender,Ukraine,3337,2,24/05/2025
223,Marc,Roswarn,mroswarn66@japanpost.jp,Male,Vietnam,1214,8,18/04/2025
224,Marinna,Brogioni,mbrogioni67@google.nl,Female,Peru,2639,1,22/11/2024
225,Basilio,Wilstead,bwilstead68@bravesites.com,Male,Norway,1557,7,16/11/2024
226,Nelia,Minmagh,nminmagh69@ehow.com,Agender,Greece,1258,8,13/07/2024
227,Barbra,Gillies,bgillies6a@ameblo.jp,Female,Brazil,3020,7,18/06/2025
228,Bradly,Finders,bfinders6b@mashable.com,Male,Brazil,3545,7,13/08/2024
229,Chlo,Plinck,cplinck6c@angelfire.com,Female,China,2325,5,29/12/2024
230,Lev,Hixley,lhixley6d@rambler.ru,Male,Philippines,3652,1,19/10/2024
231,Doe,De Hooge,ddehooge6e@hc360.com,Female,Mayotte,4674,1,20/05/2025
232,Ofella,Schwaiger,oschwaiger6f@apache.org,Female,China,1840,6,18/12/2024
233,Konrad,Bouch,kbouch6g@theatlantic.com,Male,Portugal,2897,8,17/09/2024
234,Brandy,Aspin,baspin6h@stumbleupon.com,Male,Philippines,2512,6,21/12/2024
235,Janey,Legister,jlegister6i@tumblr.com,Female,China,2354,7,26/01/2025
236,Kathlin,Searsby,ksearsby6j@fda.gov,Polygender,Brazil,3634,3,16/05/2025
237,Tim,MacClenan,tmacclenan6k@usgs.gov,Female,Indonesia,621,5,15/11/2024
238,Doy,Trinkwon,dtrinkwon6l@stanford.edu,Male,Hungary,818,8,17/10/2024
239,Goran,Gedling,ggedling6m@diigo.com,Male,Slovenia,857,4,29/01/2025
240,Gregorius,Vieyra,gvieyra6n@upenn.edu,Male,Sweden,1036,5,29/12/2024
241,Deena,Balogun,dbalogun6o@issuu.com,Female,Russia,4639,5,11/08/2024
242,Andros,Bantham,abantham6p@geocities.com,Male,Venezuela,956,5,18/12/2024
243,Emmye,Cafferty,ecafferty6q@addthis.com,Female,Vietnam,1013,2,18/06/2025
244,Julie,Sexton,jsexton6r@google.com.au,Female,Brazil,2084,8,06/09/2024
245,Nomi,Tease,ntease6s@pen.io,Female,Ghana,4708,7,26/07/2024
246,Domini,Marshall,dmarshall6t@tamu.edu,Female,United States,3408,5,06/04/2025
247,Otes,Parchment,oparchment6u@loc.gov,Male,France,748,7,04/08/2024
248,Binni,Klejin,bklejin6v@jalbum.net,Female,Russia,675,3,18/10/2024
249,Raphaela,Gregoraci,rgregoraci6w@blogspot.com,Female,Paraguay,2016,2,05/11/2024
250,Kanya,Gascoigne,kgascoigne6x@studiopress.com,Female,China,2508,2,03/09/2024
251,Kaile,Hardwidge,khardwidge6y@yellowbook.com,Female,Russia,2138,5,21/06/2024
252,Korey,Ochterlonie,kochterlonie6z@pagesperso-orange.fr,Male,Philippines,4902,4,16/02/2025
253,Valentino,Pinner,vpinner70@tuttocitta.it,Male,China,2486,7,05/12/2024
254,Eyde,Mellodey,emellodey71@reuters.com,Female,Philippines,989,4,12/11/2024
255,Patrick,Fivey,pfivey72@ask.com,Male,Indonesia,1387,8,12/12/2024
256,Patrizio,Woolfoot,pwoolfoot73@eepurl.com,Male,China,3102,2,08/09/2024
257,Jessa,Marchi,jmarchi74@ft.com,Female,Myanmar,2160,4,17/10/2024
258,Bendick,Merrick,bmerrick75@youku.com,Male,Ukraine,3644,10,03/12/2024
259,Violetta,Rickell,vrickell76@mozilla.org,Female,Palestinian Territory,4086,3,23/08/2024
260,Darby,Sextone,dsextone77@liveinternet.ru,Agender,Indonesia,2843,9,03/11/2024
261,Fanchette,Slowley,fslowley78@wordpress.org,Genderfluid,China,1700,6,29/08/2024
262,Crosby,Swinbourne,cswinbourne79@furl.net,Male,China,4466,10,28/08/2024
263,Cherice,Keysall,ckeysall7a@123-reg.co.uk,Female,United States,2670,3,05/02/2025
264,Roze,Struss,rstruss7b@cmu.edu,Female,Indonesia,2168,10,30/08/2024
265,Noelyn,Mallaby,nmallaby7c@jiathis.com,Female,Pakistan,4887,10,10/03/2025
266,Zaria,Vibert,zvibert7d@dyndns.org,Female,China,3848,5,10/05/2025
267,Emmalynne,Torr,etorr7e@free.fr,Female,Sweden,1532,1,13/11/2024
268,Onfre,MacAskie,omacaskie7f@dagondesign.com,Male,Peru,2876,2,11/03/2025
269,Dewain,Tipling,dtipling7g@tiny.cc,Male,Norway,1710,1,15/11/2024
270,Drugi,Kernaghan,dkernaghan7h@ihg.com,Male,Norway,1753,8,03/03/2025
271,Coraline,Prichard,cprichard7i@fotki.com,Female,Indonesia,4840,10,17/07/2024
272,Amos,Bevan,abevan7j@elegantthemes.com,Male,Poland,2410,1,29/10/2024
273,Bertie,Conyard,bconyard7k@cornell.edu,Male,Indonesia,4769,4,12/06/2025
274,Melissa,Hurling,mhurling7l@gov.uk,Female,Japan,945,1,23/11/2024
275,Michaelina,Grelak,mgrelak7m@prweb.com,Female,Lebanon,2143,3,22/02/2025
276,Edgard,Eames,eeames7n@sakura.ne.jp,Male,Poland,4668,10,05/12/2024
277,Sapphira,Emmitt,semmitt7o@simplemachines.org,Female,Pakistan,803,2,06/09/2024
278,Allis,Radbourn,aradbourn7p@blinklist.com,Female,United States,1624,6,31/01/2025
279,Godart,Crevy,gcrevy7q@blogger.com,Male,China,1060,3,17/02/2025
280,Lawry,Boak,lboak7r@cisco.com,Male,China,4886,4,17/06/2025
281,Georgina,Dace,gdace7s@creativecommons.org,Female,Yemen,2423,5,22/10/2024
282,Iver,Burrow,iburrow7t@ustream.tv,Male,Russia,2068,5,29/04/2025
283,Brittni,Ledger,bledger7u@ustream.tv,Female,Germany,1469,2,28/02/2025
284,Linc,Winton,lwinton7v@nbcnews.com,Male,Argentina,685,5,05/10/2024
285,Benjie,Bosomworth,bbosomworth7w@mysql.com,Male,Ethiopia,4419,5,24/11/2024
286,Gonzalo,Derl,gderl7x@marketwatch.com,Male,Greece,538,7,18/04/2025
287,Farris,Van Velde,fvanvelde7y@jalbum.net,Male,Russia,2340,8,07/10/2024
288,Gaspard,Penn,gpenn7z@goo.ne.jp,Male,Palestinian Territory,2533,6,03/05/2025
289,Retha,Coulston,rcoulston80@unc.edu,Female,Honduras,2194,5,07/11/2024
290,Dyann,Elintune,delintune81@jiathis.com,Female,Greece,1133,5,11/06/2025
291,Carmine,Harnett,charnett82@geocities.jp,Male,United States,580,7,26/01/2025
292,Augustine,Windress,awindress83@sogou.com,Polygender,Finland,2215,8,06/04/2025
293,Richardo,Chatres,rchatres84@freewebs.com,Male,Indonesia,2323,5,02/08/2024
294,Portia,Helix,phelix85@shinystat.com,Female,Indonesia,2003,7,06/10/2024
295,Loren,Dillestone,ldillestone86@mtv.com,Male,China,3788,6,14/01/2025
296,Violante,Griffithe,vgriffithe87@artisteer.com,Female,Portugal,1867,9,24/06/2024
297,Leela,Kyllford,lkyllford88@ask.com,Female,Colombia,995,5,02/04/2025
298,Sig,Spurman,sspurman89@newsvine.com,Male,Sweden,3674,10,12/01/2025
299,Breena,Dart,bdart8a@ehow.com,Female,Indonesia,1452,4,04/09/2024
300,Staford,Cowpland,scowpland8b@php.net,Male,Portugal,4133,5,26/01/2025
301,Milena,Chafer,mchafer8c@loc.gov,Female,Mexico,4470,7,26/02/2025
302,Hercule,Tallach,htallach8d@jiathis.com,Male,Indonesia,1823,8,27/02/2025
303,Hieronymus,Vaugham,hvaugham8e@netscape.com,Male,Philippines,1173,3,04/09/2024
304,Kamilah,Puddle,kpuddle8f@360.cn,Female,Russia,3832,2,28/01/2025
305,Bil,Davall,bdavall8g@skype.com,Male,Reunion,1697,3,23/03/2025
306,Cathie,Templar,ctemplar8h@dropbox.com,Female,Czech Republic,3931,8,29/08/2024
307,Daryl,Dubock,ddubock8i@reverbnation.com,Male,China,3730,1,26/03/2025
308,Dion,Darlow,ddarlow8j@themeforest.net,Male,Sudan,4954,1,15/05/2025
309,Timothee,Richmond,trichmond8k@geocities.jp,Male,Thailand,3262,7,05/01/2025
310,Reynold,Capeloff,rcapeloff8l@aol.com,Male,Japan,1656,5,24/08/2024
311,Jeanette,Bowton,jbowton8m@bbb.org,Female,France,909,6,08/09/2024
312,Stanislas,Okeshott,sokeshott8n@fastcompany.com,Male,Benin,3334,5,07/11/2024
313,Karim,Cattle,kcattle8o@businessweek.com,Male,China,4266,6,16/10/2024
314,Mable,Tenbrug,mtenbrug8p@desdev.cn,Female,China,3641,4,12/06/2025
315,Lamar,Laville,llaville8q@ucsd.edu,Male,Poland,1537,7,28/11/2024
316,Moore,Irce,mirce8r@irs.gov,Genderqueer,Sweden,1105,4,12/12/2024
317,D'arcy,Lejeune,dlejeune8s@mediafire.com,Male,Colombia,4850,5,03/12/2024
318,Fergus,Etridge,fetridge8t@nyu.edu,Male,China,2401,3,01/10/2024
319,Rosie,Beazleigh,rbeazleigh8u@google.fr,Female,Mexico,3200,7,25/07/2024
320,Harvey,Van der Velde,hvandervelde8v@bloomberg.com,Male,Indonesia,1626,8,11/02/2025
321,Rosabel,Ashcroft,rashcroft8w@shop-pro.jp,Polygender,Poland,2501,3,08/09/2024
322,Raven,Churchlow,rchurchlow8x@netlog.com,Female,Palestinian Territory,3029,8,19/02/2025
323,Stanly,Dudderidge,sdudderidge8y@seesaa.net,Male,Switzerland,1117,4,23/07/2024
324,Townie,Roxby,troxby8z@mashable.com,Male,Greece,506,1,24/01/2025
325,Nedi,Dudbridge,ndudbridge90@yolasite.com,Female,China,3581,4,15/01/2025
326,Kenton,Pele,kpele91@yellowbook.com,Male,Japan,4429,5,24/02/2025
327,Larry,Malcher,lmalcher92@cbc.ca,Polygender,Israel,2154,6,26/10/2024
328,Lorette,Domenicone,ldomenicone93@free.fr,Female,China,2718,4,18/04/2025
329,Genevieve,Argabrite,gargabrite94@utexas.edu,Female,Russia,3088,6,04/09/2024
330,Arron,Nesterov,anesterov95@foxnews.com,Male,Ethiopia,735,1,17/07/2024
331,Burl,Janssens,bjanssens96@indiegogo.com,Male,Japan,623,2,21/07/2024
332,Lurleen,Ainge,lainge97@bloglovin.com,Genderqueer,Philippines,4327,9,29/04/2025
333,Alanna,Woodwin,awoodwin98@1und1.de,Agender,Indonesia,583,3,24/02/2025
334,Britteny,Glassman,bglassman99@comcast.net,Female,Russia,4190,5,01/07/2024
335,Siward,Canwell,scanwell9a@soundcloud.com,Male,Bulgaria,1333,1,12/06/2025
336,Demetre,Loyley,dloyley9b@bing.com,Male,Nigeria,4677,3,06/11/2024
337,Myrtia,Engall,mengall9c@ted.com,Female,Brazil,3300,5,12/08/2024
338,Teddi,Crallan,tcrallan9d@naver.com,Female,China,4022,4,26/09/2024
339,Buffy,Hollingby,bhollingby9e@soup.io,Female,Albania,4388,6,11/05/2025
340,Donn,Lebbon,dlebbon9f@amazon.co.jp,Male,Russia,712,1,03/07/2024
341,Teirtza,Nouch,tnouch9g@pinterest.com,Female,Haiti,2127,3,24/08/2024
342,Harman,De Giorgis,hdegiorgis9h@cyberchimps.com,Male,Brazil,3953,6,12/04/2025
343,Adara,Cowsby,acowsby9i@amazon.co.jp,Female,Portugal,2177,6,12/02/2025
344,Brenden,Bootton,bbootton9j@theatlantic.com,Male,Philippines,4689,8,21/08/2024
345,Clementia,Slessor,cslessor9k@mozilla.com,Agender,China,3875,5,15/03/2025
346,Sherline,Codling,scodling9l@twitpic.com,Female,Malaysia,3048,5,29/08/2024
347,Marwin,Glossup,mglossup9m@yolasite.com,Male,China,4533,8,09/10/2024
348,Amy,Mompesson,amompesson9n@newyorker.com,Female,Russia,796,4,19/05/2025
349,Caren,Blind,cblind9o@howstuffworks.com,Female,France,587,3,18/06/2025
350,Breanne,Ballchin,bballchin9p@independent.co.uk,Female,Indonesia,1155,8,08/05/2025
351,Bret,Klaaasen,bklaaasen9q@webs.com,Male,Ukraine,3473,5,20/03/2025
352,Albert,Giannassi,agiannassi9r@dell.com,Male,Portugal,3182,3,25/09/2024
353,Rad,Domonkos,rdomonkos9s@mashable.com,Genderqueer,Mexico,1368,8,27/03/2025
354,Loy,Allom,lallom9t@oaic.gov.au,Male,Indonesia,2977,7,14/01/2025
355,Benji,D'Emanuele,bdemanuele9u@chicagotribune.com,Bigender,Portugal,2413,1,28/03/2025
356,Felizio,Chate,fchate9v@spiegel.de,Male,Iran,3984,1,30/01/2025
357,Inigo,Forde,iforde9w@home.pl,Male,Portugal,2862,1,20/09/2024
358,Prudi,Laudham,plaudham9x@com.com,Female,Philippines,4567,5,16/05/2025
359,Alon,Clemintoni,aclemintoni9y@liveinternet.ru,Male,Syria,2885,5,20/01/2025
360,Giustina,Piperley,gpiperley9z@google.ru,Female,South Korea,4751,7,04/09/2024
361,Angeli,Graber,agrabera0@youku.com,Male,Barbados,2086,10,27/09/2024
362,Muriel,Longshaw,mlongshawa1@wiley.com,Female,Albania,2510,6,05/05/2025
363,Niki,Cattenach,ncattenacha2@rambler.ru,Male,Bolivia,958,8,16/01/2025
364,Benton,Dupoy,bdupoya3@ucla.edu,Male,Russia,1006,4,16/12/2024
365,Ric,Oxberry,roxberrya4@google.com.br,Male,Panama,2345,3,14/03/2025
366,Devonne,Kinavan,dkinavana5@odnoklassniki.ru,Female,Russia,907,8,01/08/2024
367,Sonnnie,Scurman,sscurmana6@sbwire.com,Female,Dominican Republic,1218,6,17/09/2024
368,Lexie,Willes,lwillesa7@webmd.com,Female,France,2630,2,30/01/2025
369,Lian,Janew,ljanewa8@moonfruit.com,Female,Saint Martin,972,10,27/10/2024
370,Ethelind,Spatarul,espatarula9@prlog.org,Female,Nigeria,1699,3,04/11/2024
371,Ellswerth,Ivachyov,eivachyovaa@mayoclinic.com,Male,Argentina,2746,3,10/12/2024
372,Hyacintha,Toopin,htoopinab@e-recht24.de,Female,Mexico,2783,5,08/01/2025
373,Kerrin,Krysiak,kkrysiakac@hexun.com,Female,Mexico,3551,8,05/05/2025
374,Nance,MacRorie,nmacroriead@marriott.com,Female,Russia,1773,9,23/08/2024
375,Yehudi,Seebright,yseebrightae@creativecommons.org,Male,China,2896,5,14/11/2024
376,Toddie,Drewett,tdrewettaf@google.co.jp,Male,France,4767,10,27/05/2025
377,Truman,Jaukovic,tjaukovicag@cbc.ca,Male,Czech Republic,3052,4,01/09/2024
378,Dyana,Gascoine,dgascoineah@buzzfeed.com,Female,Kazakhstan,1155,9,01/04/2025
379,Merola,Bathoe,mbathoeai@google.es,Female,France,1424,5,10/06/2025
380,Kerby,Goman,kgomanaj@sciencedirect.com,Male,Poland,3931,1,07/01/2025
381,Marisa,Whitford,mwhitfordak@mac.com,Female,Portugal,3905,1,13/07/2024
382,Audie,Sunock,asunockal@posterous.com,Female,Indonesia,2797,2,17/07/2024
383,Frasco,Riquet,friquetam@ehow.com,Male,China,2849,5,31/10/2024
384,Darb,Btham,dbthaman@illinois.edu,Male,Indonesia,4438,4,26/04/2025
385,Alika,Schuster,aschusterao@1und1.de,Female,Indonesia,2780,9,25/04/2025
386,Bebe,Kardos-Stowe,bkardosstoweap@istockphoto.com,Genderqueer,Russia,3433,7,23/05/2025
387,Michail,Sworn,mswornaq@dell.com,Male,Russia,3203,4,03/07/2024
388,Dudley,Shrieves,dshrievesar@ebay.com,Male,China,4577,10,12/09/2024
389,Ella,Tiffany,etiffanyas@ezinearticles.com,Female,Tanzania,4712,1,05/07/2024
390,Pasquale,Moreno,pmorenoat@psu.edu,Bigender,China,542,2,14/04/2025
391,Amara,Wadham,awadhamau@xrea.com,Female,Colombia,2596,1,13/12/2024
392,Lockwood,Hedingham,lhedinghamav@edublogs.org,Male,Mali,4032,10,10/03/2025
393,Jo,Cuming,jcumingaw@51.la,Polygender,China,2359,2,28/03/2025
394,Erda,Umbers,eumbersax@etsy.com,Female,Netherlands,3461,3,02/01/2025
395,Shirlee,McCarty,smccartyay@arstechnica.com,Female,Germany,4927,6,07/09/2024
396,Frederic,Cantua,fcantuaaz@wiley.com,Male,United States,854,4,03/12/2024
397,Georas,Malcher,gmalcherb0@shareasale.com,Male,Portugal,1369,10,28/06/2024
398,Minetta,Trazzi,mtrazzib1@phpbb.com,Female,Indonesia,4100,4,13/06/2025
399,Bobette,Bettam,bbettamb2@bizjournals.com,Female,Czech Republic,1269,9,24/08/2024
400,Lenci,de Najera,ldenajerab3@miibeian.gov.cn,Male,Sweden,1067,8,11/04/2025
401,Delphine,Gonnely,dgonnelyb4@nhs.uk,Female,Indonesia,3583,5,29/07/2024
402,Claire,Moody,cmoodyb5@businesswire.com,Female,Philippines,2729,6,23/07/2024
403,Gabriellia,Zanini,gzaninib6@usda.gov,Female,Poland,2390,5,03/04/2025
404,Irving,Eilles,ieillesb7@auda.org.au,Male,Serbia,3818,10,10/11/2024
405,Demetrius,Rhoddie,drhoddieb8@tinypic.com,Male,Guatemala,672,3,30/05/2025
406,Fabian,Caulton,fcaultonb9@barnesandnoble.com,Male,Jordan,4120,3,04/02/2025
407,Rayshell,Tortoise,rtortoiseba@sfgate.com,Female,Brazil,4135,4,16/06/2025
408,Wilburt,Gimblet,wgimbletbb@smh.com.au,Male,Philippines,4912,6,01/07/2024
409,Johnath,Jouhning,jjouhningbc@narod.ru,Female,Indonesia,2180,9,22/03/2025
410,Dickie,Pitkeathley,dpitkeathleybd@wix.com,Male,China,4034,4,03/09/2024
411,Farlay,Brenard,fbrenardbe@phpbb.com,Male,Poland,2422,1,07/02/2025
412,Wally,Tattersall,wtattersallbf@ucla.edu,Female,Poland,4076,5,06/12/2024
413,Yoshiko,Copello,ycopellobg@jalbum.net,Female,Nicaragua,1463,2,29/12/2024
414,Marchelle,Creese,mcreesebh@comcast.net,Female,China,2357,2,29/11/2024
415,Agnella,Dillistone,adillistonebi@gnu.org,Female,East Timor,827,8,15/02/2025
416,Sandor,Daud,sdaudbj@delicious.com,Male,China,1055,3,15/07/2024
417,Isidor,Viant,iviantbk@utexas.edu,Male,Luxembourg,2400,4,27/02/2025
418,Gerianna,Reisin,greisinbl@kickstarter.com,Female,China,4759,6,07/09/2024
419,Sal,MacGauhy,smacgauhybm@census.gov,Genderqueer,Greece,2552,3,27/03/2025
420,Wallace,Wardlow,wwardlowbn@123-reg.co.uk,Male,Japan,2306,4,20/05/2025
421,Brad,Radmer,bradmerbo@si.edu,Male,Portugal,4300,6,09/09/2024
422,Saunder,Spargo,sspargobp@drupal.org,Male,Lithuania,1203,5,02/02/2025
423,Farris,Wintle,fwintlebq@abc.net.au,Male,Argentina,1292,10,14/12/2024
424,Carissa,Crenshaw,ccrenshawbr@example.com,Female,Honduras,4309,9,14/01/2025
425,Cherilyn,Dencs,cdencsbs@gmpg.org,Female,Poland,3352,5,11/08/2024
426,Jereme,Schukraft,jschukraftbt@pen.io,Male,Latvia,2764,3,03/12/2024
427,Ermentrude,Jebb,ejebbbu@answers.com,Female,Morocco,1362,8,06/11/2024
428,Quintana,Gother,qgotherbv@elegantthemes.com,Female,China,2907,9,25/09/2024
429,Cesare,McGibbon,cmcgibbonbw@altervista.org,Male,Russia,808,6,30/06/2024
430,Clarke,Dutch,cdutchbx@360.cn,Male,Germany,4888,1,18/08/2024
431,My,Lacey,mlaceyby@meetup.com,Male,Nicaragua,1257,1,03/07/2024
432,Bobette,Meachen,bmeachenbz@bluehost.com,Female,Russia,3508,3,27/07/2024
433,Berty,Schoenrock,bschoenrockc0@myspace.com,Male,United States,2807,9,29/08/2024
434,Gawain,Sutheran,gsutheranc1@nasa.gov,Male,Finland,2370,4,07/10/2024
435,Bronnie,Gosby,bgosbyc2@marriott.com,Bigender,China,2307,4,14/06/2025
436,Teador,Bilyard,tbilyardc3@ovh.net,Male,Finland,2042,10,08/08/2024
437,Karylin,Nathon,knathonc4@liveinternet.ru,Female,Japan,2253,6,13/11/2024
438,Lorenzo,Niesing,lniesingc5@eventbrite.com,Male,Sweden,1374,8,04/03/2025
439,Ethan,Meneyer,emeneyerc6@yahoo.com,Male,China,4586,3,02/09/2024
440,Griswold,Peyro,gpeyroc7@china.com.cn,Male,Greece,544,7,18/08/2024
441,Steffie,Defew,sdefewc8@123-reg.co.uk,Female,Philippines,1458,4,09/04/2025
442,Pammi,Polye,ppolyec9@amazonaws.com,Genderfluid,France,2943,1,21/12/2024
443,Vinita,Sawtell,vsawtellca@webs.com,Female,China,4637,8,17/04/2025
444,Calv,Clemenzi,cclemenzicb@berkeley.edu,Male,Japan,569,7,09/02/2025
445,Jehanna,Cheley,jcheleycc@cam.ac.uk,Female,China,2902,9,30/08/2024
446,Emera,Leyman,eleymancd@yahoo.com,Female,Luxembourg,2140,1,18/03/2025
447,Tonia,Duddy,tduddyce@digg.com,Female,Brazil,2063,9,09/08/2024
448,Gabi,Beenham,gbeenhamcf@dailymail.co.uk,Male,China,4924,9,30/06/2024
449,Jessalin,Stenson,jstensoncg@goo.gl,Genderfluid,Brazil,1317,10,25/04/2025
450,Jacquelyn,Hasselby,jhasselbych@hostgator.com,Female,Mauritania,4505,8,05/09/2024
451,Josi,Beaver,jbeaverci@addthis.com,Female,Indonesia,4364,3,10/06/2025
452,Pauly,Backen,pbackencj@netvibes.com,Male,China,1850,3,07/01/2025
453,Otho,McDunlevy,omcdunlevyck@biblegateway.com,Polygender,Oman,3028,6,24/06/2024
454,Ag,Veschambre,aveschambrecl@sitemeter.com,Female,China,4135,6,11/04/2025
455,Giordano,Farguhar,gfarguharcm@twitter.com,Male,Thailand,968,8,07/08/2024
456,Chicky,Coronas,ccoronascn@mozilla.org,Female,Brazil,974,9,29/11/2024
457,Sayres,Ilyas,silyasco@vkontakte.ru,Male,China,2271,2,12/04/2025
458,Kym,Izchaki,kizchakicp@slideshare.net,Female,Mali,2125,7,06/02/2025
459,Jabez,Keemer,jkeemercq@businesswire.com,Male,China,2717,5,23/11/2024
460,Cassaundra,Winckles,cwincklescr@nbcnews.com,Female,Afghanistan,1398,3,08/06/2025
461,Gypsy,Tether,gtethercs@usa.gov,Female,Sweden,4558,1,15/04/2025
462,Donny,Bulloch,dbullochct@businesswire.com,Female,Colombia,3970,4,09/09/2024
463,Gian,Kneeshaw,gkneeshawcu@wix.com,Male,China,4846,2,18/10/2024
464,Patsy,Dreakin,pdreakincv@mozilla.com,Male,Pakistan,2362,2,29/07/2024
465,Nevile,Lorriman,nlorrimancw@biglobe.ne.jp,Male,Indonesia,2220,1,07/05/2025
466,Alexine,Tregensoe,atregensoecx@tiny.cc,Female,Haiti,716,9,29/03/2025
467,Dukie,Foucard,dfoucardcy@shareasale.com,Male,China,4808,1,01/01/2025
468,Adelle,Pipworth,apipworthcz@indiegogo.com,Female,Venezuela,3853,2,04/06/2025
469,Spense,Dahlen,sdahlend0@bloglovin.com,Male,Argentina,1948,8,06/06/2025
470,Staford,O'Hengerty,sohengertyd1@so-net.ne.jp,Male,China,4337,10,05/12/2024
471,Harley,Fulton,hfultond2@csmonitor.com,Female,China,1226,2,19/05/2025
472,Lane,Bernardotti,lbernardottid3@cocolog-nifty.com,Female,China,2036,8,20/08/2024
473,Anatola,Gleave,agleaved4@mtv.com,Female,Russia,2877,3,20/02/2025
474,Stephen,Baggott,sbaggottd5@fotki.com,Male,China,4931,8,07/07/2024
475,Georg,Blance,gblanced6@storify.com,Male,Albania,2060,7,07/05/2025
476,Minda,de Cullip,mdecullipd7@qq.com,Female,China,2790,4,25/06/2024
477,Evangelia,Harkins,eharkinsd8@marriott.com,Female,Indonesia,655,3,19/12/2024
478,Buckie,Kettlesing,bkettlesingd9@thetimes.co.uk,Male,Indonesia,4732,5,26/02/2025
479,Domenico,Morritt,dmorrittda@soup.io,Male,Ireland,1794,9,03/10/2024
480,Vina,Blackshaw,vblackshawdb@admin.ch,Genderfluid,Indonesia,1540,8,16/07/2024
481,Xymenes,Redmond,xredmonddc@canalblog.com,Male,China,839,10,29/04/2025
482,Tammi,Assandri,tassandridd@mail.ru,Female,Kazakhstan,2579,6,10/12/2024
483,Travers,Tilbury,ttilburyde@hostgator.com,Polygender,Indonesia,2780,5,11/09/2024
484,Amerigo,Boness,abonessdf@ovh.net,Male,Canada,4646,5,10/12/2024
485,Early,April,eaprildg@google.fr,Male,Russia,1934,2,12/08/2024
486,Orv,Bradfield,obradfielddh@plala.or.jp,Polygender,South Korea,3897,9,08/07/2024
487,Bay,Harvison,bharvisondi@myspace.com,Male,China,3030,6,20/01/2025
488,Irita,Acarson,iacarsondj@reddit.com,Female,Mexico,2183,9,09/02/2025
489,Hy,Woller,hwollerdk@multiply.com,Male,Belarus,4928,5,15/04/2025
490,Dell,Conichie,dconichiedl@homestead.com,Female,Mexico,3564,1,11/08/2024
491,Violet,Kimbly,vkimblydm@tinyurl.com,Polygender,Andorra,2286,3,29/09/2024
492,Gus,Fairhall,gfairhalldn@bigcartel.com,Female,Philippines,1101,7,14/11/2024
493,Maybelle,Bernardt,mbernardtdo@tmall.com,Female,Portugal,4941,9,14/06/2025
494,Chrysler,Loveland,clovelanddp@ocn.ne.jp,Genderqueer,Australia,3157,5,06/10/2024
495,Gonzalo,Leaney,gleaneydq@github.io,Genderqueer,Japan,4329,7,01/05/2025
496,Trip,Gaskill,tgaskilldr@wsj.com,Male,Sweden,3477,7,10/07/2024
497,Keven,Najera,knajerads@state.gov,Male,Portugal,2983,10,17/08/2024
498,Leighton,Mansfield,lmansfielddt@apple.com,Male,France,4613,3,02/07/2024
499,Redford,Brugden,rbrugdendu@nsw.gov.au,Male,China,3244,8,13/07/2024
500,Lazare,Elldred,lelldreddv@newyorker.com,Male,Portugal,4870,5,20/03/2025
501,Beryl,Grocott,bgrocottdw@auda.org.au,Female,Russia,3046,7,10/03/2025
502,Dean,Taffe,dtaffedx@weebly.com,Male,Russia,4252,3,29/05/2025
503,Sigismondo,Goodbanne,sgoodbannedy@soundcloud.com,Genderfluid,Philippines,2338,6,29/10/2024
504,Casar,Egan,cegandz@vk.com,Male,China,2450,9,18/03/2025
505,Boote,Bruhnsen,bbruhnsene0@google.com.br,Male,United States,2065,7,14/03/2025
506,Berti,Greener,bgreenere1@w3.org,Male,China,2184,9,17/01/2025
507,Guillermo,Luna,glunae2@unc.edu,Male,Indonesia,4827,10,22/05/2025
508,Wolfy,Leward,wlewarde3@toplist.cz,Male,Mauritius,1496,4,23/06/2024
509,Dorisa,Lafayette,dlafayettee4@com.com,Female,Indonesia,4965,4,15/11/2024
510,Hersh,Burrass,hburrasse5@stanford.edu,Male,Serbia,895,9,29/10/2024
511,Gregorio,L'argent,glargente6@psu.edu,Male,China,1347,6,09/01/2025
512,Rosene,Kearsley,rkearsleye7@weibo.com,Agender,Russia,1555,8,22/01/2025
513,Winnie,Dorbin,wdorbine8@angelfire.com,Male,Indonesia,4753,10,12/06/2025
514,Paige,Measen,pmeasene9@cpanel.net,Male,China,2232,4,18/03/2025
515,Chester,Stonestreet,cstonestreetea@nytimes.com,Male,Philippines,2205,1,11/10/2024
516,Fairlie,Najara,fnajaraeb@blogs.com,Male,Czech Republic,3039,6,13/06/2025
517,Hillary,Epsly,hepslyec@nsw.gov.au,Female,Japan,541,8,20/07/2024
518,Wendall,Anmore,wanmoreed@rambler.ru,Male,Russia,4174,10,18/01/2025
519,Larisa,Iannazzi,liannazziee@feedburner.com,Female,Philippines,3848,2,17/05/2025
520,Burt,De la Yglesias,bdelayglesiasef@weebly.com,Male,Sweden,550,9,16/07/2024
521,Thatch,Kairns,tkairnseg@usnews.com,Polygender,Ukraine,1444,2,11/10/2024
522,Kaye,Canto,kcantoeh@cpanel.net,Female,China,4604,3,26/02/2025
523,Phillie,Cod,pcodei@cpanel.net,Female,Ecuador,4970,2,18/01/2025
524,Tomasina,Patry,tpatryej@topsy.com,Female,China,2598,4,29/08/2024
525,Mitch,Balsdon,mbalsdonek@webnode.com,Male,Greece,1032,6,21/12/2024
526,Elvin,Canavan,ecanavanel@woothemes.com,Male,China,592,10,10/10/2024
527,Judd,Latek,jlatekem@ovh.net,Male,Iran,2124,4,14/04/2025
528,Robinet,Janauschek,rjanauscheken@jigsy.com,Male,China,1547,10,09/03/2025
529,Kayla,Currier,kcurriereo@chron.com,Bigender,Indonesia,686,6,21/01/2025
530,Eliot,Clemas,eclemasep@e-recht24.de,Male,China,4110,9,20/02/2025
531,Thom,Dugall,tdugalleq@miibeian.gov.cn,Genderqueer,China,734,3,09/07/2024
532,Niko,Cornilli,ncornillier@mail.ru,Male,Indonesia,1316,1,16/07/2024
533,Poul,Wortt,pworttes@tinyurl.com,Male,Germany,734,4,15/05/2025
534,Berny,Gynn,bgynnet@acquirethisname.com,Male,China,2472,10,29/06/2024
535,Neilla,Drivers,ndriverseu@fda.gov,Genderfluid,China,4058,4,30/08/2024
536,Garfield,Goodbur,ggoodburev@narod.ru,Male,Russia,3052,3,28/09/2024
537,Reuben,Eliassen,reliassenew@cafepress.com,Male,Poland,2474,6,12/04/2025
538,Morena,Skillman,mskillmanex@a8.net,Female,Indonesia,1662,3,22/03/2025
539,Renell,Ivimey,rivimeyey@bluehost.com,Female,Indonesia,1556,10,31/05/2025
540,Raffarty,Trimmill,rtrimmillez@elpais.com,Male,Philippines,2476,3,01/04/2025
541,Doria,Vedmore,dvedmoref0@oaic.gov.au,Female,Mexico,1197,8,31/07/2024
542,Becki,Proven,bprovenf1@admin.ch,Female,United States,4713,2,26/11/2024
543,Archaimbaud,Shillaker,ashillakerf2@infoseek.co.jp,Male,Nicaragua,1902,7,26/09/2024
544,Gabrila,Queyos,gqueyosf3@google.com.hk,Female,Belarus,1077,1,20/11/2024
545,Audrye,Grime,agrimef4@zdnet.com,Female,Spain,1883,8,03/06/2025
546,Valeria,Maddams,vmaddamsf5@godaddy.com,Female,Azerbaijan,3053,6,21/09/2024
547,Padriac,Jolly,pjollyf6@discovery.com,Agender,Netherlands,2647,7,31/05/2025
548,Elysia,Tangye,etangyef7@joomla.org,Female,Russia,854,3,25/07/2024
549,Nanci,Khristyukhin,nkhristyukhinf8@tiny.cc,Female,Serbia,4647,3,13/01/2025
550,Berne,Karp,bkarpf9@redcross.org,Male,Portugal,4009,10,24/10/2024
551,Merridie,Volage,mvolagefa@1688.com,Non-binary,Portugal,2881,1,03/10/2024
552,Koo,Cobby,kcobbyfb@ucoz.ru,Female,Philippines,3918,6,25/09/2024
553,Fabian,Lemary,flemaryfc@admin.ch,Male,Portugal,1136,1,29/04/2025
554,Aundrea,Haddacks,ahaddacksfd@facebook.com,Female,United States,593,8,03/07/2024
555,Zahara,Aleksidze,zaleksidzefe@123-reg.co.uk,Female,Indonesia,3114,5,01/09/2024
556,Ikey,Elias,ieliasff@tiny.cc,Male,Cameroon,904,6,17/03/2025
557,Vera,Dafter,vdafterfg@senate.gov,Female,Egypt,2262,4,19/07/2024
558,Woodman,Sinclair,wsinclairfh@cnbc.com,Male,Brazil,3888,6,09/02/2025
559,Nickolas,Gower,ngowerfi@cocolog-nifty.com,Male,Indonesia,4761,6,18/10/2024
560,Matias,Miell,mmiellfj@example.com,Male,Serbia,3931,8,04/07/2024
561,Nicola,Folan,nfolanfk@blogs.com,Male,Brazil,1812,1,24/01/2025
562,Willette,Fairtlough,wfairtloughfl@nytimes.com,Female,Sweden,1743,7,08/10/2024
563,Kayley,Bagot,kbagotfm@weather.com,Female,Colombia,1691,9,03/09/2024
564,Meyer,Crabbe,mcrabbefn@weebly.com,Male,Philippines,3245,10,28/05/2025
565,Whitney,Varren,wvarrenfo@nifty.com,Male,Indonesia,3190,9,14/04/2025
566,Chiarra,Weson,cwesonfp@uol.com.br,Female,France,4524,6,09/04/2025
567,Mab,Huggens,mhuggensfq@ask.com,Female,Indonesia,3397,9,02/07/2024
568,Donica,Cloonan,dcloonanfr@indiegogo.com,Female,Colombia,4831,4,06/12/2024
569,Berte,Lesmonde,blesmondefs@google.de,Female,Bulgaria,4959,10,28/05/2025
570,Shelden,Hanniger,shannigerft@nsw.gov.au,Male,Indonesia,3038,2,22/04/2025
571,Filip,Augustin,faugustinfu@wix.com,Male,Indonesia,1175,6,15/08/2024
572,Sayre,Beardsdale,sbeardsdalefv@census.gov,Male,Tanzania,4425,10,21/04/2025
573,Francine,Broune,fbrounefw@people.com.cn,Female,Kyrgyzstan,3431,7,18/01/2025
574,Elset,Ferrieroi,eferrieroifx@fastcompany.com,Female,Philippines,1889,5,14/04/2025
575,Killy,Berthe,kberthefy@1und1.de,Male,China,830,2,27/10/2024
576,Glynn,Gummory,ggummoryfz@unicef.org,Male,Albania,736,3,19/02/2025
577,Paulie,Ainsby,painsbyg0@vkontakte.ru,Female,Poland,4820,5,23/10/2024
578,Ellis,MacTavish,emactavishg1@mit.edu,Male,Vietnam,3064,4,03/04/2025
579,Chaddie,Hardacre,chardacreg2@topsy.com,Male,Uzbekistan,3634,1,29/08/2024
580,Ceil,Duthie,cduthieg3@angelfire.com,Female,France,1869,7,30/01/2025
581,Clo,Layus,clayusg4@wordpress.com,Female,China,3129,10,09/09/2024
582,Lyda,Maciaszek,lmaciaszekg5@state.gov,Female,Afghanistan,1643,1,13/06/2025
583,Dorian,MacFadzan,dmacfadzang6@vinaora.com,Agender,China,949,9,22/09/2024
584,Norina,Nassy,nnassyg7@miitbeian.gov.cn,Female,France,867,8,02/05/2025
585,Caty,Amburgy,camburgyg8@examiner.com,Female,China,4345,10,29/05/2025
586,Chrissie,Skokoe,cskokoeg9@hubpages.com,Male,Vietnam,1272,6,06/10/2024
587,Mellisent,Yerby,myerbyga@un.org,Female,Saint Lucia,1884,4,21/02/2025
588,Andrey,Greeding,agreedinggb@about.com,Male,China,1810,4,18/03/2025
589,Galvan,Terrill,gterrillgc@typepad.com,Male,Nigeria,2979,5,19/07/2024
590,Lynnet,Phillput,lphillputgd@ca.gov,Female,Mexico,1378,5,20/01/2025
591,Donnell,Eastby,deastbyge@intel.com,Male,Mexico,3965,9,23/09/2024
592,Ruggiero,Gierke,rgierkegf@squarespace.com,Male,Finland,2541,9,21/08/2024
593,Ailbert,Rigg,arigggg@europa.eu,Male,Netherlands,2468,5,28/11/2024
594,Colman,Jillions,cjillionsgh@instagram.com,Male,Yemen,650,5,09/08/2024
595,Allix,Teal,atealgi@yolasite.com,Female,Guatemala,1765,6,11/12/2024
596,Carey,Pelerin,cpeleringj@vistaprint.com,Male,Sweden,2681,6,08/05/2025
597,Eimile,Shoute,eshoutegk@cbslocal.com,Female,Indonesia,4580,2,28/03/2025
598,Clemmy,Smalls,csmallsgl@webnode.com,Male,China,2696,2,20/06/2024
599,Kora,Dinse,kdinsegm@reverbnation.com,Female,North Korea,4477,9,03/03/2025
600,Luciano,Diss,ldissgn@utexas.edu,Male,Estonia,4166,8,23/02/2025
601,Lennie,Dongate,ldongatego@photobucket.com,Male,China,1270,7,30/11/2024
602,Hyacinthie,Armsden,harmsdengp@reverbnation.com,Non-binary,Indonesia,2201,5,31/10/2024
603,Keith,Leatherborrow,kleatherborrowgq@ifeng.com,Male,Russia,2230,1,23/11/2024
604,Colet,Venton,cventongr@fastcompany.com,Male,Argentina,4709,1,23/03/2025
605,Magdalena,Trencher,mtrenchergs@fema.gov,Female,Palestinian Territory,4856,4,30/07/2024
606,Pearl,Akenhead,pakenheadgt@un.org,Female,Russia,3833,1,26/11/2024
607,Davis,Dinjes,ddinjesgu@cocolog-nifty.com,Male,Nigeria,4141,6,17/08/2024
608,Ferdy,Hartfield,fhartfieldgv@globo.com,Male,China,1675,3,20/08/2024
609,Kelbee,Francke,kfranckegw@home.pl,Male,China,4734,3,10/08/2024
610,Randall,De Ferraris,rdeferrarisgx@xing.com,Male,Nicaragua,875,10,31/03/2025
611,Thurston,Oldknow,toldknowgy@wikia.com,Male,Indonesia,936,6,12/07/2024
612,Haywood,Manion,hmaniongz@amazon.co.jp,Male,Poland,4865,3,10/01/2025
613,Ricard,Olley,rolleyh0@msn.com,Male,Venezuela,1358,3,08/09/2024
614,Court,Hele,cheleh1@abc.net.au,Male,Uruguay,1347,2,18/04/2025
615,Horten,Bowshire,hbowshireh2@tinypic.com,Male,China,3980,9,21/03/2025
616,Grantley,Cogman,gcogmanh3@flickr.com,Male,Indonesia,4903,7,06/03/2025
617,Alisander,Letteresse,aletteresseh4@cpanel.net,Male,Philippines,3138,1,07/07/2024
618,Alyce,Selwyne,aselwyneh5@macromedia.com,Female,Poland,2528,1,04/11/2024
619,Annadiane,Kinnar,akinnarh6@tripadvisor.com,Female,Greece,2954,4,29/05/2025
620,Margarita,Heisham,mheishamh7@hexun.com,Female,Russia,1457,7,20/01/2025
621,Dorry,Callis,dcallish8@about.com,Female,Indonesia,3847,9,31/03/2025
622,Kellen,Posen,kposenh9@dmoz.org,Female,Morocco,599,6,01/01/2025
623,Candi,Brookbank,cbrookbankha@samsung.com,Female,Japan,1264,10,20/12/2024
624,Carolyne,Stonhard,cstonhardhb@blogger.com,Female,China,1454,4,23/02/2025
625,Arvie,Kosel,akoselhc@miibeian.gov.cn,Male,Albania,2190,8,23/07/2024
626,Ulric,Howbrook,uhowbrookhd@marriott.com,Male,China,1445,3,15/10/2024
627,Nickolai,Petzolt,npetzolthe@parallels.com,Male,Argentina,4048,9,17/03/2025
628,Hieronymus,Lornsen,hlornsenhf@yahoo.co.jp,Male,South Africa,3901,1,25/03/2025
629,Nolana,Jurczak,njurczakhg@storify.com,Female,Jordan,3275,7,14/07/2024
630,Pru,Grivori,pgrivorihh@cpanel.net,Female,Indonesia,1502,4,18/07/2024
631,Gwenette,Joddens,gjoddenshi@va.gov,Female,China,929,6,12/06/2025
632,Anatol,Ionnidis,aionnidishj@va.gov,Male,Brazil,1561,10,16/08/2024
633,Lucas,Trowsdall,ltrowsdallhk@github.io,Genderfluid,Russia,1336,5,16/10/2024
634,Marni,Krauze,mkrauzehl@livejournal.com,Genderfluid,Vietnam,4979,8,19/02/2025
635,Curcio,Gainsborough,cgainsboroughhm@technorati.com,Male,Sudan,4324,10,09/11/2024
636,Chere,Oxbie,coxbiehn@bloglines.com,Female,Kyrgyzstan,2654,8,08/07/2024
637,Joella,Guillou,jguillouho@twitter.com,Female,Portugal,2533,8,13/08/2024
638,Anastasia,Linskill,alinskillhp@amazon.co.uk,Female,Russia,4357,7,13/08/2024
639,Lauralee,De Gregario,ldegregariohq@mail.ru,Female,Philippines,1258,2,12/08/2024
640,Fayina,Dudson,fdudsonhr@fastcompany.com,Female,Indonesia,1475,5,06/09/2024
641,Hollis,Harral,hharralhs@phpbb.com,Male,Sweden,988,10,15/05/2025
642,Tamqrah,Frossell,tfrossellht@dion.ne.jp,Female,Indonesia,1314,7,30/07/2024
643,Terese,Bargery,tbargeryhu@plala.or.jp,Female,China,3097,6,21/04/2025
644,Pippa,Lefwich,plefwichhv@zdnet.com,Female,Luxembourg,2283,4,19/03/2025
645,Corly,Clemmey,cclemmeyhw@wunderground.com,Female,Philippines,1103,2,10/08/2024
646,Claudian,Stringfellow,cstringfellowhx@lulu.com,Male,Canada,1049,10,12/03/2025
647,Auria,McArt,amcarthy@fda.gov,Female,Bulgaria,1595,10,05/11/2024
648,Dorisa,Khomishin,dkhomishinhz@fema.gov,Female,Argentina,3782,1,20/01/2025
649,Cal,Sumption,csumptioni0@google.ru,Male,Philippines,2657,3,28/09/2024
650,Sean,Seth,ssethi1@netvibes.com,Female,Indonesia,2695,7,31/03/2025
651,Zandra,Mash,zmashi2@yellowbook.com,Genderfluid,Niger,4316,7,06/10/2024
652,Pierson,Hackinge,phackingei3@wikispaces.com,Male,Philippines,3424,3,06/02/2025
653,Nikolas,Endacott,nendacotti4@cpanel.net,Male,Brazil,1849,9,26/01/2025
654,Brittan,Scholfield,bscholfieldi5@github.com,Female,China,3026,1,31/07/2024
655,Vilhelmina,Saggs,vsaggsi6@fda.gov,Female,Sweden,4114,2,10/08/2024
656,Uri,Wellsman,uwellsmani7@nasa.gov,Male,China,3892,4,20/07/2024
657,Darryl,Crosdill,dcrosdilli8@4shared.com,Female,China,3427,6,31/07/2024
658,Julie,Dobkin,jdobkini9@yelp.com,Male,France,4765,8,13/10/2024
659,Tremain,Lanphier,tlanphieria@google.nl,Male,Indonesia,2298,7,20/09/2024
660,Allene,Collick,acollickib@epa.gov,Female,Sweden,1030,3,01/07/2024
661,Ermentrude,Haylett,ehaylettic@gnu.org,Female,France,832,3,17/09/2024
662,Berget,Linklet,blinkletid@yandex.ru,Genderqueer,Philippines,2320,7,01/05/2025
663,Mal,Prantoni,mprantoniie@imdb.com,Male,China,790,8,20/03/2025
664,Barclay,Ellingsworth,bellingsworthif@merriam-webster.com,Male,China,1584,5,28/09/2024
665,Shane,Christofor,schristoforig@baidu.com,Male,Indonesia,4764,8,20/10/2024
666,Vivian,Base,vbaseih@comcast.net,Female,Russia,1337,6,06/04/2025
667,Xena,Cawdery,xcawderyii@flavors.me,Female,Russia,1921,4,13/07/2024
668,Eydie,O Mullen,eomullenij@jiathis.com,Female,Ukraine,4907,4,09/12/2024
669,Quinton,Birdfield,qbirdfieldik@oracle.com,Polygender,Poland,3943,10,17/10/2024
670,Jessie,Mellody,jmellodyil@salon.com,Male,Indonesia,3091,5,03/12/2024
671,Peterus,Graveston,pgravestonim@yolasite.com,Polygender,Brazil,2300,6,02/09/2024
672,Madlin,Lohering,mloheringin@csmonitor.com,Female,Thailand,721,2,15/04/2025
673,Antoni,Denholm,adenholmio@etsy.com,Male,Greece,2542,10,08/02/2025
674,Alejandra,McGrae,amcgraeip@psu.edu,Female,Cuba,4647,6,16/03/2025
675,Fina,Beggini,fbegginiiq@cornell.edu,Female,Peru,1097,6,01/11/2024
676,Gianni,Gillyett,ggillyettir@miitbeian.gov.cn,Male,Indonesia,2762,7,28/04/2025
677,Emerson,Sancraft,esancraftis@si.edu,Male,Malaysia,4980,8,08/08/2024
678,Dru,Gowers,dgowersit@buzzfeed.com,Male,France,4178,6,01/04/2025
679,Tonie,Ilyuchyov,tilyuchyoviu@skyrock.com,Female,Poland,2952,1,14/01/2025
680,Ariela,Hay,ahayiv@weebly.com,Female,Albania,1934,2,15/05/2025
681,Ruperto,Deniscke,rdenisckeiw@photobucket.com,Male,Paraguay,3374,1,05/05/2025
682,Tabbie,Melley,tmelleyix@shop-pro.jp,Male,United States,4394,2,25/05/2025
683,Trudy,Conley,tconleyiy@weebly.com,Female,Indonesia,4193,6,04/10/2024
684,Chucho,Conningham,cconninghamiz@squidoo.com,Male,Morocco,4502,4,03/02/2025
685,Hubert,Yanez,hyanezj0@dailymail.co.uk,Male,Sweden,1638,7,14/10/2024
686,Katherine,Battye,kbattyej1@cisco.com,Bigender,Indonesia,3686,7,13/09/2024
687,Truda,Luggar,tluggarj2@plala.or.jp,Female,Brazil,1229,10,15/02/2025
688,Kristal,Trenholme,ktrenholmej3@blogspot.com,Non-binary,Nigeria,2026,9,16/10/2024
689,Anissa,Tesauro,atesauroj4@tmall.com,Female,Honduras,4292,6,23/11/2024
690,Fawn,Jerson,fjersonj5@hubpages.com,Polygender,China,1378,2,25/06/2024
691,Kimball,Jonathon,kjonathonj6@auda.org.au,Polygender,Mongolia,4484,2,27/07/2024
692,Silvano,de Clercq,sdeclercqj7@google.ca,Male,Israel,3860,5,06/04/2025
693,Wolf,Mehmet,wmehmetj8@altervista.org,Male,Poland,2510,6,10/04/2025
694,Glendon,Wordley,gwordleyj9@tripadvisor.com,Genderqueer,China,3107,2,14/06/2025
695,Matilde,Hayman,mhaymanja@odnoklassniki.ru,Female,Portugal,3826,9,07/04/2025
696,Blondell,Kettlewell,bkettlewelljb@e-recht24.de,Female,Greece,4088,5,13/09/2024
697,Livy,Storror,lstorrorjc@shutterfly.com,Genderfluid,Aruba,2019,4,25/12/2024
698,Zaccaria,Karus,zkarusjd@nifty.com,Male,Sweden,3547,5,10/08/2024
699,Valentin,Moakes,vmoakesje@twitter.com,Male,China,3175,8,26/07/2024
700,Dusty,Kirkman,dkirkmanjf@addtoany.com,Female,Portugal,1102,1,13/08/2024
701,Shurwood,Dundridge,sdundridgejg@google.co.uk,Agender,Uganda,506,5,16/04/2025
702,Akim,Glynn,aglynnjh@latimes.com,Male,China,1936,5,21/04/2025
703,Theodore,Lindner,tlindnerji@fc2.com,Male,Russia,4158,2,13/07/2024
704,Sheilah,Tripett,stripettjj@hexun.com,Female,Slovenia,3328,5,22/07/2024
705,Berkeley,Dimont,bdimontjk@freewebs.com,Male,China,1258,5,19/03/2025
706,Vanny,Semorad,vsemoradjl@ca.gov,Female,Japan,864,6,08/12/2024
707,Page,Issacson,pissacsonjm@booking.com,Male,Russia,3315,9,16/02/2025
708,Prescott,Honnan,phonnanjn@cam.ac.uk,Male,Serbia,3834,7,12/04/2025
709,Marcellus,Ingham,minghamjo@arstechnica.com,Male,France,874,7,08/12/2024
710,Corbin,Howood,chowoodjp@nifty.com,Male,Chile,1484,2,18/11/2024
711,Prentice,Whittington,pwhittingtonjq@trellian.com,Bigender,Russia,4425,8,19/12/2024
712,Tobit,Swafield,tswafieldjr@wired.com,Polygender,Tajikistan,3163,1,05/02/2025
713,Stanley,Few,sfewjs@usgs.gov,Male,Haiti,1562,7,09/11/2024
714,Phylys,Slarke,pslarkejt@addthis.com,Female,United States,721,9,15/10/2024
715,Laurice,Sweeney,lsweeneyju@tripod.com,Female,China,4879,10,23/06/2024
716,Loretta,Akast,lakastjv@imgur.com,Female,Morocco,3389,4,19/08/2024
717,Clement,Hardiman,chardimanjw@princeton.edu,Male,Peru,634,7,30/07/2024
718,Rahel,Tregiddo,rtregiddojx@blinklist.com,Female,Brazil,4291,9,08/11/2024
719,Vale,Donovin,vdonovinjy@yandex.ru,Female,Indonesia,3538,9,19/10/2024
720,Araldo,Oddy,aoddyjz@tripadvisor.com,Genderqueer,Dominica,2985,9,19/09/2024
721,Corabella,Benitez,cbenitezk0@devhub.com,Female,China,2912,10,10/11/2024
722,Frankie,Hansemann,fhansemannk1@cyberchimps.com,Female,France,3844,9,13/04/2025
723,Egon,Siviter,esiviterk2@icio.us,Male,Philippines,1383,1,26/12/2024
724,Cletus,Chawner,cchawnerk3@blogtalkradio.com,Male,Russia,1824,9,10/04/2025
725,Fabio,Trow,ftrowk4@com.com,Male,China,4408,7,16/09/2024
726,Pamella,Trickey,ptrickeyk5@dedecms.com,Female,China,3331,7,26/11/2024
727,Duncan,Sinson,dsinsonk6@msu.edu,Male,Brazil,1534,1,07/12/2024
728,Creight,Wilce,cwilcek7@google.co.jp,Male,Thailand,2209,7,02/07/2024
729,Vittorio,Braganca,vbragancak8@symantec.com,Male,Indonesia,3573,3,07/06/2025
730,Herve,Jephcott,hjephcottk9@amazonaws.com,Male,Russia,1322,8,28/05/2025
731,Pepita,O' Meara,pomearaka@goodreads.com,Female,Ukraine,3839,2,26/02/2025
732,Kay,McGrady,kmcgradykb@clickbank.net,Genderfluid,Indonesia,2107,8,18/03/2025
733,Dyann,Curner,dcurnerkc@simplemachines.org,Female,Cameroon,3998,9,10/06/2025
734,Alard,Shortell,ashortellkd@aol.com,Male,China,2774,7,10/08/2024
735,Giacinta,Dissman,gdissmanke@dagondesign.com,Female,China,2730,3,12/06/2025
736,Rosana,Barnbrook,rbarnbrookkf@pcworld.com,Genderqueer,Ukraine,4481,3,15/07/2024
737,Annora,Jurges,ajurgeskg@odnoklassniki.ru,Female,Afghanistan,3054,3,14/02/2025
738,Joyan,Middell,jmiddellkh@tripadvisor.com,Genderqueer,Indonesia,2044,3,15/11/2024
739,Barney,Poor,bpoorki@cargocollective.com,Male,Ukraine,752,10,03/09/2024
740,Mady,McLay,mmclaykj@ovh.net,Female,Indonesia,918,7,15/11/2024
741,Nels,Dasent,ndasentkk@booking.com,Male,Peru,748,2,23/11/2024
742,Merrilee,Norway,mnorwaykl@drupal.org,Female,Uzbekistan,2846,9,24/05/2025
743,Paddie,Heersema,pheersemakm@tamu.edu,Male,Thailand,969,2,10/05/2025
744,Clark,Carse,ccarsekn@de.vu,Male,Portugal,1570,4,07/08/2024
745,Jeffrey,Colrein,jcolreinko@techcrunch.com,Male,Indonesia,1834,3,26/09/2024
746,Sabine,Loughrey,sloughreykp@reference.com,Non-binary,Portugal,1078,7,30/12/2024
747,Adrien,Sainsberry,asainsberrykq@blogger.com,Agender,China,1204,2,20/10/2024
748,Graig,Radki,gradkikr@shareasale.com,Male,Sweden,2984,10,22/08/2024
749,Nicole,Livingston,nlivingstonks@mlb.com,Female,Russia,2192,8,21/03/2025
750,Sanson,Eliasen,seliasenkt@jigsy.com,Male,China,2413,5,23/08/2024
751,Annalise,Pinchon,apinchonku@hexun.com,Female,China,2831,10,24/10/2024
752,Malissia,Allabush,mallabushkv@google.com,Female,Indonesia,4484,7,25/09/2024
753,Tynan,Midford,tmidfordkw@phpbb.com,Male,Japan,4531,3,24/06/2024
754,Franz,Hanssmann,fhanssmannkx@ebay.co.uk,Male,Ukraine,972,7,27/08/2024
755,Robb,Hazel,rhazelky@nps.gov,Male,Indonesia,1528,10,19/04/2025
756,Karlotte,Moreinis,kmoreiniskz@yahoo.com,Female,China,3008,2,31/12/2024
757,Kain,Dransfield,kdransfieldl0@nsw.gov.au,Male,China,1733,2,15/11/2024
758,Albert,Engelbrecht,aengelbrechtl1@webs.com,Male,Poland,4850,1,18/03/2025
759,Sandie,Acors,sacorsl2@wix.com,Female,Ireland,3543,10,20/12/2024
760,Lissy,Groucock,lgroucockl3@naver.com,Female,Indonesia,3519,2,14/07/2024
761,Cathe,Levis,clevisl4@accuweather.com,Female,China,2781,1,14/02/2025
762,Alick,Janoschek,ajanoschekl5@accuweather.com,Male,China,711,4,14/06/2025
763,Almeda,Jeremaes,ajeremaesl6@angelfire.com,Agender,Philippines,2471,9,28/02/2025
764,Sayre,Dunsire,sdunsirel7@chron.com,Male,Brazil,934,2,23/01/2025
765,Carrissa,MacAne,cmacanel8@artisteer.com,Female,Greece,1592,6,09/11/2024
766,Amitie,Skocroft,askocroftl9@joomla.org,Female,Ireland,1256,8,18/12/2024
767,Alfy,Agron,aagronla@state.gov,Male,Poland,3029,5,02/02/2025
768,Florie,Wenzel,fwenzellb@hud.gov,Female,Indonesia,4912,5,24/05/2025
769,Stearn,MacSweeney,smacsweeneylc@alibaba.com,Non-binary,Poland,4491,9,24/09/2024
770,Patin,Bryson,pbrysonld@mtv.com,Male,Serbia,3099,8,25/02/2025
771,Cassie,Bilsland,cbilslandle@prnewswire.com,Male,Palestinian Territory,1246,9,03/02/2025
772,Ana,Rumbold,arumboldlf@merriam-webster.com,Female,Poland,4194,6,29/11/2024
773,Nataniel,Tarquinio,ntarquiniolg@cnet.com,Male,China,3601,10,08/12/2024
774,Aila,Emerton,aemertonlh@theglobeandmail.com,Female,Poland,1335,2,14/12/2024
775,Caleb,Girardoni,cgirardonili@phpbb.com,Male,Slovenia,2484,5,17/02/2025
776,Fanni,Jakubowsky,fjakubowskylj@t-online.de,Female,Russia,2681,4,18/02/2025
777,Lorant,Elcome,lelcomelk@cargocollective.com,Male,Czech Republic,3877,2,03/05/2025
778,Henrietta,Ligerton,hligertonll@cbc.ca,Female,Kenya,2159,8,24/07/2024
779,Berti,Stallworthy,bstallworthylm@psu.edu,Bigender,North Korea,3090,4,01/12/2024
780,Walton,Dooley,wdooleyln@xinhuanet.com,Male,Malta,894,9,09/05/2025
781,Amos,Stein,asteinlo@yahoo.com,Male,China,565,10,11/09/2024
782,Reinhold,McGillecole,rmcgillecolelp@disqus.com,Male,Slovenia,3607,4,23/10/2024
783,Rowan,Nicolls,rnicollslq@hao123.com,Male,Russia,3759,6,03/09/2024
784,Benetta,Wicklen,bwicklenlr@irs.gov,Female,Russia,4210,5,03/11/2024
785,Harley,Klarzynski,hklarzynskils@uol.com.br,Male,Thailand,1943,4,29/05/2025
786,Lynnea,Laraway,llarawaylt@1688.com,Female,Brazil,3312,6,09/02/2025
787,Ajay,Alliott,aalliottlu@state.tx.us,Female,Peru,2977,4,06/09/2024
788,Krysta,Licciardello,klicciardellolv@shareasale.com,Female,Argentina,3933,1,20/01/2025
789,Elsworth,Doreward,edorewardlw@slate.com,Male,Brazil,1622,3,03/04/2025
790,Ethe,Scotting,escottinglx@europa.eu,Male,Poland,3449,3,25/06/2024
791,Jocko,Swetman,jswetmanly@ibm.com,Male,Russia,2203,1,24/02/2025
792,Lenna,Holdren,lholdrenlz@geocities.com,Female,Poland,2854,7,29/08/2024
793,Erin,McKune,emckunem0@harvard.edu,Male,Switzerland,3908,4,22/10/2024
794,Cosmo,Martinets,cmartinetsm1@virginia.edu,Male,Guatemala,1629,8,09/03/2025
795,Jerri,Wysome,jwysomem2@cargocollective.com,Male,China,2019,2,31/07/2024
796,Cass,Massie,cmassiem3@ow.ly,Male,Indonesia,4016,4,10/02/2025
797,Bernadine,Blanckley,bblanckleym4@state.tx.us,Female,Russia,2570,3,07/10/2024
798,Cele,Howerd,chowerdm5@g.co,Female,Kazakhstan,3814,2,05/12/2024
799,Vinni,Gozney,vgozneym6@nih.gov,Female,Russia,4523,3,25/11/2024
800,Karina,Culkin,kculkinm7@aol.com,Female,Sweden,2287,4,30/05/2025
801,Thelma,Lighterness,tlighternessm8@meetup.com,Female,Russia,4409,1,24/03/2025
802,Chantal,Vasenkov,cvasenkovm9@uol.com.br,Female,Tajikistan,2986,6,14/10/2024
803,Gertrud,Attoe,gattoema@umn.edu,Female,Indonesia,2195,9,27/06/2024
804,Hedwig,Parcells,hparcellsmb@edublogs.org,Female,China,1709,2,31/03/2025
805,Rhoda,Disbrow,rdisbrowmc@psu.edu,Agender,Democratic Republic of the Congo,1548,8,26/06/2024
806,Hillyer,Banghe,hbanghemd@is.gd,Male,Guatemala,4177,10,24/05/2025
807,Fransisco,Caberas,fcaberasme@hostgator.com,Agender,Sweden,780,5,27/03/2025
808,Fanchon,Drescher,fdreschermf@pbs.org,Female,Zambia,4754,5,15/10/2024
809,Corene,Alkin,calkinmg@elegantthemes.com,Polygender,Tanzania,2752,4,15/09/2024
810,Alecia,Maypole,amaypolemh@ifeng.com,Bigender,Indonesia,1283,10,25/04/2025
811,Aila,Shelley,ashelleymi@google.ru,Female,Norway,4288,8,10/11/2024
812,Alberta,Ornelas,aornelasmj@slashdot.org,Female,Russia,4707,2,17/03/2025
813,Naoma,Allcock,nallcockmk@acquirethisname.com,Female,Slovenia,4519,4,08/09/2024
814,Liesa,Barrowcliffe,lbarrowcliffeml@163.com,Female,China,4038,10,23/03/2025
815,Paxon,Whelan,pwhelanmm@sogou.com,Male,Democratic Republic of the Congo,4685,2,15/03/2025
816,Doy,Cana,dcanamn@toplist.cz,Male,Russia,4366,1,11/07/2024
817,Innis,Singyard,isingyardmo@disqus.com,Male,China,2452,1,02/11/2024
818,Garwin,Robbey,grobbeymp@bbc.co.uk,Male,Norway,2825,9,15/06/2025
819,Tressa,Gladwish,tgladwishmq@yahoo.co.jp,Female,Canada,1888,3,17/01/2025
820,Riccardo,MacGibbon,rmacgibbonmr@dropbox.com,Male,Portugal,1197,4,13/05/2025
821,Trixy,Apted,taptedms@a8.net,Female,Portugal,1376,8,23/09/2024
822,Glenn,Piatek,gpiatekmt@technorati.com,Male,Poland,4833,9,07/12/2024
823,Adrienne,Rambaut,arambautmu@lycos.com,Female,Russia,3238,5,20/05/2025
824,Portia,Dracey,pdraceymv@nyu.edu,Female,Czech Republic,2009,7,16/03/2025
825,Vite,Burr,vburrmw@ebay.com,Male,China,3396,10,22/06/2024
826,Floris,Terron,fterronmx@nhs.uk,Female,China,2470,4,03/05/2025
827,Andie,Ellyatt,aellyattmy@loc.gov,Male,Brazil,684,4,01/04/2025
828,Marilyn,Schenfisch,mschenfischmz@nytimes.com,Bigender,China,1322,2,15/08/2024
829,Shanda,McMychem,smcmychemn0@acquirethisname.com,Female,Brazil,3824,1,22/07/2024
830,Nedda,Perazzo,nperazzon1@t-online.de,Female,United States,1680,10,25/12/2024
831,Harwilll,Becker,hbeckern2@sina.com.cn,Polygender,Bosnia and Herzegovina,3991,3,02/07/2024
832,Ermanno,Kift,ekiftn3@oracle.com,Male,Macedonia,3317,7,11/08/2024
833,Buffy,Cronk,bcronkn4@liveinternet.ru,Female,Russia,1458,6,28/09/2024
834,Elaine,Durn,edurnn5@google.co.uk,Female,Guatemala,4512,1,01/04/2025
835,Parnell,Look,plookn6@guardian.co.uk,Non-binary,Portugal,4483,7,06/05/2025
836,Joey,Boothebie,jboothebien7@ebay.co.uk,Male,Antigua and Barbuda,1219,1,09/12/2024
837,Veda,Lorens,vlorensn8@newyorker.com,Female,Turkmenistan,4844,5,30/08/2024
838,Drusi,Hacker,dhackern9@diigo.com,Female,China,537,5,02/02/2025
839,Mahmoud,Hodgon,mhodgonna@fc2.com,Male,Russia,3813,5,08/06/2025
840,Dirk,Stapford,dstapfordnb@godaddy.com,Male,China,3245,8,18/12/2024
841,Dannye,Hawley,dhawleync@sourceforge.net,Female,Sweden,680,2,05/04/2025
842,Jake,McGahy,jmcgahynd@scientificamerican.com,Male,Russia,2608,4,25/11/2024
843,Oates,Olland,oollandne@scribd.com,Male,Cayman Islands,1397,5,21/06/2024
844,Asher,Kester,akesternf@eepurl.com,Non-binary,Poland,3673,10,28/07/2024
845,Dorena,Gilchrest,dgilchrestng@jugem.jp,Genderqueer,Bulgaria,2816,9,20/06/2024
846,Aubrey,Grigor,agrigornh@imdb.com,Genderqueer,Philippines,547,5,03/11/2024
847,Thedric,Brocklesby,tbrocklesbyni@webeden.co.uk,Male,Russia,4431,4,19/03/2025
848,Lorettalorna,Egar,legarnj@joomla.org,Female,Libya,4215,4,08/10/2024
849,Doroteya,Rozec,drozecnk@etsy.com,Female,Thailand,2197,4,27/02/2025
850,Catherine,Proppers,cproppersnl@constantcontact.com,Female,Colombia,2771,2,24/04/2025
851,Nevins,Ruselin,nruselinnm@engadget.com,Male,Indonesia,3904,7,10/11/2024
852,Arabella,Aireton,aairetonnn@webmd.com,Female,Montenegro,1979,3,22/11/2024
853,Terrance,Crawshaw,tcrawshawno@usatoday.com,Male,Poland,930,10,10/01/2025
854,Ash,Bazoche,abazochenp@noaa.gov,Genderqueer,Russia,2349,8,19/01/2025
855,Dorice,Harpin,dharpinnq@google.ru,Female,Malaysia,1093,10,02/06/2025
856,Denise,Marcussen,dmarcussennr@ifeng.com,Female,China,4838,6,08/12/2024
857,Micheil,Whitnall,mwhitnallns@craigslist.org,Male,Bulgaria,2757,1,13/03/2025
858,Markos,Maciaszczyk,mmaciaszczyknt@who.int,Male,Niger,4670,1,09/10/2024
859,Aldo,Huck,ahucknu@yandex.ru,Male,China,646,4,22/10/2024
860,Juliette,Comoletti,jcomolettinv@ask.com,Bigender,Indonesia,2662,1,04/06/2025
861,Moses,Norres,mnorresnw@spotify.com,Male,Tunisia,3579,2,20/03/2025
862,Rudyard,Watton,rwattonnx@csmonitor.com,Polygender,China,3033,6,08/01/2025
863,Karina,Mitrikhin,kmitrikhinny@odnoklassniki.ru,Female,Portugal,3510,1,20/04/2025
864,Jamie,Frushard,jfrushardnz@photobucket.com,Male,Indonesia,3653,8,22/01/2025
865,Pegeen,Stammirs,pstammirso0@netlog.com,Female,France,4582,6,22/01/2025
866,Marlin,Nathan,mnathano1@weebly.com,Male,Indonesia,4017,4,19/05/2025
867,Isaak,Aldersey,ialderseyo2@yahoo.co.jp,Male,Norway,2900,3,03/06/2025
868,Norris,Blaker,nblakero3@ameblo.jp,Male,China,2496,2,03/01/2025
869,Zonda,Palffrey,zpalffreyo4@canalblog.com,Female,Belarus,3524,6,17/10/2024
870,Frederik,Bennough,fbennougho5@admin.ch,Male,Brazil,3886,3,11/02/2025
871,Hobie,Harris,hharriso6@blinklist.com,Agender,Bangladesh,1543,7,08/09/2024
872,Ariadne,Heiton,aheitono7@arstechnica.com,Female,Thailand,1566,5,23/01/2025
873,Eddy,Royson,eroysono8@digg.com,Male,China,2250,8,29/10/2024
874,Gerrard,Caseborne,gcaseborneo9@godaddy.com,Male,Taiwan,795,6,13/03/2025
875,Jenni,Cunradi,jcunradioa@ihg.com,Female,Lithuania,769,7,02/10/2024
876,Hildagard,Luard,hluardob@abc.net.au,Female,Nigeria,1594,6,29/12/2024
877,Linette,Laborda,llabordaoc@google.ru,Female,Thailand,2912,9,15/12/2024
878,Tabby,Haighton,thaightonod@aol.com,Male,Yemen,1434,5,21/04/2025
879,Hieronymus,Gabbitus,hgabbitusoe@wikia.com,Male,Poland,2283,3,23/12/2024
880,Petronille,Hamper,phamperof@webeden.co.uk,Female,Tunisia,4191,5,21/05/2025
881,Isobel,Cator,icatorog@mit.edu,Genderqueer,Brazil,4607,4,21/01/2025
882,Andi,Treadwell,atreadwelloh@spiegel.de,Female,Honduras,4827,5,21/11/2024
883,Sylvan,Higgen,shiggenoi@netscape.com,Male,Afghanistan,4679,4,03/09/2024
884,Alissa,Pietri,apietrioj@amazon.com,Female,China,2588,2,27/11/2024
885,Ernie,Redmore,eredmoreok@columbia.edu,Male,Brazil,2123,10,26/12/2024
886,Roze,Aleksandrev,raleksandrevol@over-blog.com,Female,Uganda,927,3,27/05/2025
887,Bunny,Brisley,bbrisleyom@msn.com,Female,Russia,4736,4,23/12/2024
888,Isabelle,Praundlin,ipraundlinon@ed.gov,Agender,France,1068,4,11/02/2025
889,Hiram,Haslen,hhaslenoo@mapquest.com,Male,Vietnam,4098,8,23/05/2025
890,Kordula,Ansley,kansleyop@google.com,Female,China,3685,10,14/11/2024
891,Emmalynn,Minchell,eminchelloq@patch.com,Female,Ukraine,4285,2,23/09/2024
892,Hestia,Newlands,hnewlandsor@fastcompany.com,Female,Comoros,1080,10,22/02/2025
893,Nathanil,Brockton,nbrocktonos@oakley.com,Male,Poland,2004,2,03/03/2025
894,Cooper,Bartlet,cbartletot@yandex.ru,Male,China,4470,4,18/08/2024
895,Gibb,Witherington,gwitheringtonou@addtoany.com,Male,Poland,3603,8,16/11/2024
896,Mathilda,Sterricker,msterrickerov@sourceforge.net,Female,Russia,2825,6,16/07/2024
897,Cordi,Dumigan,cdumiganow@squarespace.com,Female,Ukraine,3315,3,20/04/2025
898,Archibald,Domerque,adomerqueox@php.net,Male,Poland,2789,4,27/09/2024
899,Nikki,Vella,nvellaoy@about.me,Genderfluid,Iran,4311,1,10/06/2025
900,Gerhardine,Weaben,gweabenoz@usa.gov,Female,Mongolia,4165,3,15/03/2025
901,Dominique,Ciepluch,dciepluchp0@fema.gov,Non-binary,China,4758,4,02/01/2025
902,Thornton,Smeaton,tsmeatonp1@google.com,Male,Philippines,792,8,17/01/2025
903,Ajay,Alsford,aalsfordp2@businesswire.com,Female,China,1754,9,28/11/2024
904,Gregor,Carpenter,gcarpenterp3@fda.gov,Male,Ukraine,1930,3,24/03/2025
905,Haleigh,MacCarter,hmaccarterp4@jigsy.com,Female,Philippines,561,7,28/04/2025
906,Jammal,Isworth,jisworthp5@cnn.com,Male,Poland,4309,3,05/09/2024
907,Cullan,Dyers,cdyersp6@example.com,Male,Sweden,709,8,18/10/2024
908,Dillie,Ausher,dausherp7@illinois.edu,Male,Italy,2596,1,20/05/2025
909,Giffer,Burchall,gburchallp8@delicious.com,Male,Morocco,4281,8,08/12/2024
910,Fair,Iseton,fisetonp9@blogspot.com,Male,China,1338,7,17/03/2025
911,Bret,Farrin,bfarrinpa@delicious.com,Male,Belarus,1719,8,22/07/2024
912,Parnell,Wisam,pwisampb@admin.ch,Male,Portugal,3681,8,11/02/2025
913,Elyssa,Brumpton,ebrumptonpc@ezinearticles.com,Female,Russia,4662,2,28/04/2025
914,Janina,Guiver,jguiverpd@techcrunch.com,Female,Indonesia,1404,10,02/10/2024
915,Abbe,Wheatcroft,awheatcroftpe@cpanel.net,Female,Liberia,3602,7,14/09/2024
916,Winn,Methley,wmethleypf@seattletimes.com,Male,Morocco,3764,6,05/08/2024
917,Verney,Hansill,vhansillpg@usnews.com,Male,Poland,2073,10,01/06/2025
918,Merridie,Attack,mattackph@facebook.com,Female,China,917,2,12/04/2025
919,Curtis,Haruard,charuardpi@cbc.ca,Male,China,3004,7,22/11/2024
920,Sloane,Houdmont,shoudmontpj@artisteer.com,Male,Mongolia,3935,5,15/04/2025
921,Alma,Lobell,alobellpk@elpais.com,Female,China,4368,5,31/01/2025
922,Joan,Gilhouley,jgilhouleypl@networkadvertising.org,Female,China,1937,3,09/11/2024
923,Larissa,Krause,lkrausepm@tuttocitta.it,Female,Vietnam,3601,4,28/01/2025
924,Agneta,Ivankovic,aivankovicpn@columbia.edu,Female,Estonia,1069,1,18/02/2025
925,Garrik,Bunyard,gbunyardpo@123-reg.co.uk,Male,Japan,3853,3,21/06/2024
926,Shep,Churchouse,schurchousepp@wix.com,Male,Palestinian Territory,1361,9,22/01/2025
927,Rice,Skirvane,rskirvanepq@spotify.com,Male,Central African Republic,2967,6,13/05/2025
928,Alyosha,Gregh,agreghpr@sourceforge.net,Male,Indonesia,936,3,28/12/2024
929,Neddy,Sollon,nsollonps@businesswire.com,Male,Madagascar,4901,4,11/02/2025
930,Norean,Sapena,nsapenapt@theguardian.com,Female,Mexico,1777,9,22/11/2024
931,Giacinta,Redmore,gredmorepu@google.ru,Female,China,800,1,27/06/2024
932,Marrilee,Marcombe,mmarcombepv@thetimes.co.uk,Female,France,3270,5,02/02/2025
933,Johanna,Purdie,jpurdiepw@last.fm,Female,Poland,2198,1,29/09/2024
934,Margaretta,Beuscher,mbeuscherpx@360.cn,Female,China,3116,6,27/09/2024
935,Biddie,Symons,bsymonspy@weather.com,Female,Russia,935,10,29/07/2024
936,Nola,Hutchason,nhutchasonpz@reddit.com,Female,Poland,748,2,17/05/2025
937,Pearla,Cropp,pcroppq0@tuttocitta.it,Female,Indonesia,1342,10,28/05/2025
938,Leigha,Baversor,lbaversorq1@arstechnica.com,Female,Brazil,1739,1,17/07/2024
939,Elijah,Bellison,ebellisonq2@networkadvertising.org,Male,Pakistan,2257,10,23/03/2025
940,Conroy,Baynard,cbaynardq3@creativecommons.org,Male,Japan,1998,2,20/02/2025
941,Cecilla,McLaren,cmclarenq4@fda.gov,Female,Poland,4758,6,22/05/2025
942,Saraann,Dupoy,sdupoyq5@icq.com,Female,France,2727,10,20/04/2025
943,Gerri,aManger,gamangerq6@csmonitor.com,Male,Bosnia and Herzegovina,1985,10,30/01/2025
944,My,Wiggans,mwiggansq7@barnesandnoble.com,Male,Indonesia,2433,5,23/03/2025
945,Shanna,Keppe,skeppeq8@pagesperso-orange.fr,Female,Paraguay,4948,1,11/02/2025
946,Alecia,Tanguy,atanguyq9@bandcamp.com,Female,China,4319,10,26/02/2025
947,Adelbert,Dowsing,adowsingqa@va.gov,Male,Tanzania,857,6,17/12/2024
948,Rebecca,Lambrechts,rlambrechtsqb@marketwatch.com,Female,Indonesia,2284,3,12/03/2025
949,Wiley,Chinnock,wchinnockqc@mozilla.com,Male,Sweden,3304,2,28/02/2025
950,Prescott,Winwright,pwinwrightqd@dot.gov,Male,Finland,1850,7,25/08/2024
951,Adolpho,Studholme,astudholmeqe@wunderground.com,Male,Estonia,4520,1,15/10/2024
952,Micheal,Form,mformqf@gravatar.com,Male,Malaysia,3366,7,08/02/2025
953,Winny,Abbatucci,wabbatucciqg@oracle.com,Male,Libya,4994,5,21/11/2024
954,Herby,Wilkes,hwilkesqh@springer.com,Male,Albania,4352,9,12/01/2025
955,Dodi,Bryde,dbrydeqi@smugmug.com,Female,Mongolia,4063,10,16/09/2024
956,Steffi,Bush,sbushqj@creativecommons.org,Female,China,1600,9,11/04/2025
957,Findley,Shotbolt,fshotboltqk@xing.com,Male,China,3842,2,17/02/2025
958,Verla,O'Skehan,voskehanql@seesaa.net,Female,Syria,1062,2,14/09/2024
959,Bradan,Oldman,boldmanqm@intel.com,Male,Cameroon,2477,8,25/03/2025
960,Felizio,O'Ferris,foferrisqn@prnewswire.com,Male,Japan,3307,7,21/01/2025
961,Johnathan,Skilling,jskillingqo@infoseek.co.jp,Male,Indonesia,3861,10,06/11/2024
962,Caryl,Jeandot,cjeandotqp@marriott.com,Male,China,1718,9,05/03/2025
963,Panchito,Kunneke,pkunnekeqq@washington.edu,Male,Russia,1955,1,07/04/2025
964,Burnard,Cathersides,bcathersidesqr@youku.com,Male,Argentina,2791,9,18/06/2025
965,Royce,Kiefer,rkieferqs@amazonaws.com,Male,Austria,772,5,26/03/2025
966,Nolie,Van der Beek,nvanderbeekqt@mac.com,Female,Philippines,3213,4,27/08/2024
967,Iorgos,Abrami,iabramiqu@earthlink.net,Male,Thailand,2790,5,16/08/2024
968,Nevins,Hebblewhite,nhebblewhiteqv@boston.com,Bigender,Indonesia,4215,10,27/06/2024
969,Owen,Merrett,omerrettqw@tripod.com,Male,Indonesia,4131,2,20/04/2025
970,Adorne,Leist,aleistqx@princeton.edu,Female,China,3471,4,11/03/2025
971,Tamiko,Marchenko,tmarchenkoqy@ameblo.jp,Female,Indonesia,2356,4,26/09/2024
972,Cash,Caldicott,ccaldicottqz@godaddy.com,Male,France,3279,7,24/07/2024
973,Sarge,Stuer,sstuerr0@cocolog-nifty.com,Male,China,1773,7,22/05/2025
974,Bourke,Packington,bpackingtonr1@army.mil,Male,Portugal,1105,4,17/12/2024
975,Johanna,Camacke,jcamacker2@yandex.ru,Polygender,Uganda,942,2,17/02/2025
976,Olivie,Attack,oattackr3@dagondesign.com,Female,Greece,1945,8,08/04/2025
977,Hillie,O'Fogarty,hofogartyr4@desdev.cn,Male,Philippines,2160,6,29/04/2025
978,Wake,Jeakins,wjeakinsr5@comcast.net,Male,China,4692,10,19/07/2024
979,Ellette,Tiesman,etiesmanr6@hc360.com,Female,Peru,1260,4,23/06/2024
980,Maurizio,Fine,mfiner7@jiathis.com,Male,Ireland,2842,1,31/03/2025
981,Thatcher,Bromell,tbromellr8@hp.com,Male,Portugal,716,8,11/10/2024
982,Harriet,Cleghorn,hcleghornr9@yahoo.com,Female,Poland,4749,5,04/10/2024
983,Holly,Marushak,hmarushakra@usnews.com,Female,Portugal,1397,2,04/06/2025
984,Gilemette,Dewane,gdewanerb@eventbrite.com,Female,Myanmar,2033,10,19/09/2024
985,Shelden,Hourihane,shourihanerc@com.com,Male,Brazil,2170,4,16/02/2025
986,Tomkin,Nobes,tnobesrd@w3.org,Male,Japan,2355,5,06/04/2025
987,Paco,Piolli,ppiollire@dropbox.com,Male,Japan,4007,2,19/11/2024
988,Robinet,Blencowe,rblencowerf@ifeng.com,Polygender,Morocco,1152,6,23/01/2025
989,Garvin,Renihan,grenihanrg@dmoz.org,Male,Philippines,3778,9,20/02/2025
990,Wanda,Brislen,wbrislenrh@fotki.com,Female,Philippines,2897,9,25/02/2025
991,Lindon,Polak,lpolakri@chicagotribune.com,Male,Thailand,4475,3,07/03/2025
992,Benni,Silmon,bsilmonrj@amazonaws.com,Female,Azerbaijan,2763,1,23/04/2025
993,Penny,Astman,pastmanrk@smh.com.au,Female,South Africa,2462,1,26/03/2025
994,Brewer,Bester,bbesterrl@imageshack.us,Male,United States,1123,6,30/04/2025
995,Francyne,Deinhard,fdeinhardrm@blogger.com,Female,Russia,2090,7,04/12/2024
996,Gypsy,Cullip,gculliprn@so-net.ne.jp,Female,China,2194,7,28/09/2024
997,Selma,Gilby,sgilbyro@themeforest.net,Female,China,3844,3,24/02/2025
998,Ivie,Tarbox,itarboxrp@nba.com,Female,Mauritania,2455,1,17/12/2024
999,Annice,McGebenay,amcgebenayrq@mysql.com,Female,China,1600,6,14/09/2024
1000,Electra,Scare,escarerr@cafepress.com,Female,United States,3042,4,04/11/2024
